state,arm,eta,half,d
W M0.76,P0,0.2,0.01,0.03225617316567794
W M0.76,P0,0.44,0.01,0.0186272995440033
W M0.76,P0,0.65,0.01,0.007401411691108417
W M0.76,P0,0.8,0.01,0.7844178302536315
W M0.76,P0,0.9,0.01,0.02350215738898459
W M0.76,P0,0.96,0.01,0.8143715354088268
W M0.76,P0,0.99,0.01,0.8968012592218472
W M0.76,P0,0.2,0.02,0.04305681800360808
W M0.76,P0,0.44,0.02,0.0186272995440033
W M0.76,P0,0.65,0.02,0.018747636583612087
W M0.76,P0,0.8,0.02,0.7799733191618304
W M0.76,P0,0.9,0.02,0.06554222374927024
W M0.76,P0,0.96,0.02,0.8367337633725072
W M0.76,P0,0.99,0.02,0.8955326631765421
W M0.76,P0,0.2,0.04,0.061327716729494
W M0.76,P0,0.44,0.04,0.047514191822641855
W M0.76,P0,0.65,0.04,0.049687513039430975
W M0.76,P0,0.8,0.04,0.7691458341314925
W M0.76,P0,0.9,0.04,0.07861714955817237
W M0.76,P0,0.96,0.04,0.832532535750985
W M0.76,P0,0.99,0.04,0.8962919523079301
W M0.76,P1,0.44,0.01,0.03551361626741245
W M0.76,P1,0.65,0.01,-0.023348878575081583
W M0.76,P1,0.8,0.01,0.013956443920499662
W M0.76,P1,0.9,0.01,0.001966183809879979
W M0.76,P1,0.96,0.01,0.014949097988848192
W M0.76,P1,0.99,0.01,0.8873974948412137
W M0.76,P1,0.44,0.02,0.05226958757211192
W M0.76,P1,0.65,0.02,-0.018453605216920715
W M0.76,P1,0.8,0.02,0.016079565702406234
W M0.76,P1,0.9,0.02,0.028847629784730378
W M0.76,P1,0.96,0.02,0.025536617324470573
W M0.76,P1,0.99,0.02,0.886297811564253
W M0.76,P1,0.44,0.04,0.06410240648020932
W M0.76,P1,0.65,0.04,0.041445895451207526
W M0.76,P1,0.8,0.04,0.04986363177713865
W M0.76,P1,0.9,0.04,0.07861714955817237
W M0.76,P1,0.96,0.04,0.8239196507646022
W M0.76,P1,0.99,0.04,0.8873832427353054
W M0.76,P2,0.44,0.01,0.003026208614201248
W M0.76,P2,0.65,0.01,-0.020759035785955005
W M0.76,P2,0.8,0.01,0.032443043622615825
W M0.76,P2,0.9,0.01,0.02350215738898459
W M0.76,P2,0.96,0.01,0.014949097988848192
W M0.76,P2,0.99,0.01,0.03586449129255953
W M0.76,P2,0.44,0.02,0.01792265441771107
W M0.76,P2,0.65,0.02,-0.015879559589797643
W M0.76,P2,0.8,0.02,0.03440858034954056
W M0.76,P2,0.9,0.02,0.04444812007862936
W M0.76,P2,0.96,0.02,0.02330920221551014
W M0.76,P2,0.99,0.02,0.05006025685333311
W M0.76,P2,0.44,0.04,0.04353528005213089
W M0.76,P2,0.65,0.04,0.041445895451207526
W M0.76,P2,0.8,0.04,0.06779630027800845
W M0.76,P2,0.9,0.04,0.059609030504983895
W M0.76,P2,0.96,0.04,0.044002638299055485
W M0.76,P2,0.99,0.04,0.08067861753831747
W M0.76,P3,0.44,0.01,0.0186272995440033
W M0.76,P3,0.65,0.01,-0.023348878575081583
W M0.76,P3,0.8,0.01,-0.0011211689792020307
W M0.76,P3,0.9,0.01,-0.036414810239683654
W M0.76,P3,0.96,0.01,0.014949097988848192
W M0.76,P3,0.99,0.01,0.03909675266725397
W M0.76,P3,0.44,0.02,0.0186272995440033
W M0.76,P3,0.65,0.02,-0.008771902956404148
W M0.76,P3,0.8,0.02,0.002280563244983741
W M0.76,P3,0.9,0.02,0.0012008861347772015
W M0.76,P3,0.96,0.02,0.02330920221551014
W M0.76,P3,0.99,0.02,0.05323445954060051
W M0.76,P3,0.44,0.04,0.031395593578794734
W M0.76,P3,0.65,0.04,0.041445895451207526
W M0.76,P3,0.8,0.04,0.06349071728560415
W M0.76,P3,0.9,0.04,0.02035932552624181
W M0.76,P3,0.96,0.04,0.046963058651941364
W M0.76,P3,0.99,0.04,0.08374071870168427
W M0.76,S1,0.2,0.01,-0.015369883559954403
W M0.76,S1,0.44,0.01,0.0186272995440033
W M0.76,S1,0.65,0.01,-0.020759035785955005
W M0.76,S1,0.8,0.01,-0.0011211689792020307
W M0.76,S1,0.9,0.01,0.02350215738898459
W M0.76,S1,0.96,0.01,0.014949097988848192
W M0.76,S1,0.99,0.01,0.893577646165758
W M0.76,S1,0.2,0.02,0.015073534927742133
W M0.76,S1,0.44,0.02,0.0186272995440033
W M0.76,S1,0.65,0.02,-0.008771902956404148
W M0.76,S1,0.8,0.02,0.0011304786806961564
W M0.76,S1,0.9,0.02,0.06554222374927024
W M0.76,S1,0.96,0.02,0.8367337633725072
W M0.76,S1,0.99,0.02,0.8923669534646176
W M0.76,S1,0.2,0.04,0.061327716729494
W M0.76,S1,0.44,0.04,0.047514191822641855
W M0.76,S1,0.65,0.04,0.03169055870121834
W M0.76,S1,0.8,0.04,0.06349071728560415
W M0.76,S1,0.9,0.04,0.07861714955817237
W M0.76,S1,0.96,0.04,0.8295800363721322
W M0.76,S1,0.99,0.04,0.8932380441782918
W M0.76,S2,0.44,0.01,0.003026208614201248
W M0.76,S2,0.65,0.01,-0.020759035785955005
W M0.76,S2,0.8,0.01,-0.0011211689792020307
W M0.76,S2,0.9,0.01,0.001966183809879979
W M0.76,S2,0.96,0.01,-0.0013383978971665267
W M0.76,S2,0.99,0.01,0.03586449129255953
W M0.76,S2,0.44,0.02,0.01792265441771107
W M0.76,S2,0.65,0.02,-0.015879559589797643
W M0.76,S2,0.8,0.02,0.0011304786806961564
W M0.76,S2,0.9,0.02,0.028847629784730378
W M0.76,S2,0.96,0.02,0.025536617324470573
W M0.76,S2,0.99,0.02,0.0502065628185895
W M0.76,S2,0.44,0.04,0.047514191822641855
W M0.76,S2,0.65,0.04,0.041445895451207526
W M0.76,S2,0.8,0.04,0.06349071728560415
W M0.76,S2,0.9,0.04,0.059609030504983895
W M0.76,S2,0.96,0.04,0.04413909056753573
W M0.76,S2,0.99,0.04,0.08081975649841482
W M0.76,S3,0.44,0.01,0.0186272995440033
W M0.76,S3,0.65,0.01,-0.023348878575081583
W M0.76,S3,0.8,0.01,-0.0011211689792020307
W M0.76,S3,0.9,0.01,-0.036414810239683654
W M0.76,S3,0.96,0.01,-0.0022837088781147707
W M0.76,S3,0.99,0.01,0.03294728965377518
W M0.76,S3,0.44,0.02,0.0186272995440033
W M0.76,S3,0.65,0.02,-0.018453605216920715
W M0.76,S3,0.8,0.02,0.0011304786806961564
W M0.76,S3,0.9,0.02,0.010122043594685687
W M0.76,S3,0.96,0.02,0.015035654580020846
W M0.76,S3,0.99,0.02,0.04719545472018087
W M0.76,S3,0.44,0.04,0.031395593578794734
W M0.76,S3,0.65,0.04,0.041445895451207526
W M0.76,S3,0.8,0.04,0.06779630027800845
W M0.76,S3,0.9,0.04,0.01907943912860649
W M0.76,S3,0.96,0.04,0.041330780394078476
W M0.76,S3,0.99,0.04,0.07791499000440814
W M0.78,P0,0.2,0.01,-0.008548530896932638
W M0.78,P0,0.44,0.01,0.01091423206275921
W M0.78,P0,0.65,0.01,0.013524266421070574
W M0.78,P0,0.8,0.01,0.6870526162078585
W M0.78,P0,0.9,0.01,-0.02493438418447813
W M0.78,P0,0.96,0.01,0.8011374143904963
W M0.78,P0,0.99,0.01,0.870625114484926
W M0.78,P0,0.2,0.02,-0.002342936566857856
W M0.78,P0,0.44,0.02,0.023257810625938513
W M0.78,P0,0.65,0.02,0.017776522221361002
W M0.78,P0,0.8,0.02,0.6826081051160573
W M0.78,P0,0.9,0.02,0.02534914058431223
W M0.78,P0,0.96,0.02,0.8149739952135369
W M0.78,P0,0.99,0.02,0.8693565184396209
W M0.78,P0,0.2,0.04,0.02241757800745281
W M0.78,P0,0.44,0.04,0.029786792147262098
W M0.78,P0,0.65,0.04,0.02293690843582269
W M0.78,P0,0.8,0.04,0.6717806200857195
W M0.78,P0,0.9,0.04,0.05099794253314868
W M0.78,P0,0.96,0.04,0.8107727675920147
W M0.78,P0,0.99,0.04,0.8701158075710089
W M0.78,P1,0.2,0.01,-0.02336000137179517
W M0.78,P1,0.44,0.01,-0.01853285375127478
W M0.78,P1,0.65,0.01,-0.01762806391021049
W M0.78,P1,0.8,0.01,-0.011498264463412844
W M0.78,P1,0.9,0.01,0.017964455678468855
W M0.78,P1,0.96,0.01,0.023526555362408358
W M0.78,P1,0.99,0.01,0.8658395282949584
W M0.78,P1,0.2,0.02,-0.002342936566857856
W M0.78,P1,0.44,0.02,-0.01853285375127478
W M0.78,P1,0.65,0.02,-0.013615959221426721
W M0.78,P1,0.8,0.02,-0.00998812836687274
W M0.78,P1,0.9,0.02,0.03751872360570216
W M0.78,P1,0.96,0.02,0.0315833245389632
W M0.78,P1,0.99,0.02,0.8646568921460075
W M0.78,P1,0.2,0.04,0.001908016092213194
W M0.78,P1,0.44,0.04,-0.010841819071728542
W M0.78,P1,0.65,0.04,0.005516891362438769
W M0.78,P1,0.8,0.04,0.03694225612903146
W M0.78,P1,0.9,0.04,0.05099794253314868
W M0.78,P1,0.96,0.04,0.8063896608085761
W M0.78,P1,0.99,0.04,0.8655821553254268
W M0.78,P2,0.2,0.01,-0.008548530896932638
W M0.78,P2,0.44,0.01,-0.01853285375127478
W M0.78,P2,0.65,0.01,-0.032988591530980216
W M0.78,P2,0.8,0.01,0.008920136052114946
W M0.78,P2,0.9,0.01,0.017964455678468855
W M0.78,P2,0.96,0.01,0.023526555362408358
W M0.78,P2,0.99,0.01,0.0314349141141127
W M0.78,P2,0.2,0.02,-0.0026813329307039946
W M0.78,P2,0.44,0.02,-0.01853285375127478
W M0.78,P2,0.65,0.02,-0.028882792837176707
W M0.78,P2,0.8,0.02,0.010256219871885519
W M0.78,P2,0.9,0.02,0.03751872360570216
W M0.78,P2,0.96,0.02,0.0315833245389632
W M0.78,P2,0.99,0.02,0.04704044533346291
W M0.78,P2,0.2,0.04,-0.0037921986537788333
W M0.78,P2,0.44,0.04,-0.010841819071728542
W M0.78,P2,0.65,0.04,-0.011181225819747509
W M0.78,P2,0.8,0.04,0.03060981330541912
W M0.78,P2,0.9,0.04,0.05099794253314868
W M0.78,P2,0.96,0.04,0.04914995112949169
W M0.78,P2,0.99,0.04,0.08233372450865795
W M0.78,P3,0.44,0.01,-0.03563606646660561
W M0.78,P3,0.65,0.01,-0.032988591530980216
W M0.78,P3,0.8,0.01,-0.011498264463412844
W M0.78,P3,0.9,0.01,-0.02493438418447813
W M0.78,P3,0.96,0.01,0.023526555362408358
W M0.78,P3,0.99,0.01,0.03298532205649071
W M0.78,P3,0.44,0.02,-0.035254008781407054
W M0.78,P3,0.65,0.02,-0.028882792837176707
W M0.78,P3,0.8,0.02,-0.00998812836687274
W M0.78,P3,0.9,0.02,0.02534914058431223
W M0.78,P3,0.96,0.02,0.0315833245389632
W M0.78,P3,0.99,0.02,0.04704044533346291
W M0.78,P3,0.44,0.04,-0.02709801688470559
W M0.78,P3,0.65,0.04,0.005516891362438769
W M0.78,P3,0.8,0.04,0.016287569288101156
W M0.78,P3,0.9,0.04,0.03187366926055166
W M0.78,P3,0.96,0.04,0.04914995112949169
W M0.78,P3,0.99,0.04,0.08233372450865795
W M0.78,S1,0.2,0.01,-0.02336000137179517
W M0.78,S1,0.44,0.01,-0.03563606646660561
W M0.78,S1,0.65,0.01,-0.032988591530980216
W M0.78,S1,0.8,0.01,-0.011498264463412844
W M0.78,S1,0.9,0.01,0.017964455678468855
W M0.78,S1,0.96,0.01,0.023526555362408358
W M0.78,S1,0.99,0.01,0.870625114484926
W M0.78,S1,0.2,0.02,-0.002342936566857856
W M0.78,S1,0.44,0.02,-0.035254008781407054
W M0.78,S1,0.65,0.02,-0.009781934734828523
W M0.78,S1,0.8,0.02,-0.00998812836687274
W M0.78,S1,0.9,0.02,0.03751872360570216
W M0.78,S1,0.96,0.02,0.8149739952135369
W M0.78,S1,0.99,0.02,0.8693565184396209
W M0.78,S1,0.2,0.04,0.001908016092213194
W M0.78,S1,0.44,0.04,-0.007977856186416998
W M0.78,S1,0.65,0.04,0.0058952990774831515
W M0.78,S1,0.8,0.04,0.03694225612903146
W M0.78,S1,0.9,0.04,0.05099794253314868
W M0.78,S1,0.96,0.04,0.8107727675920147
W M0.78,S1,0.99,0.04,0.8701158075710089
W M0.78,S2,0.2,0.01,-0.25569748483636867
W M0.78,S2,0.44,0.01,-0.06824872857726827
W M0.78,S2,0.65,0.01,-0.05080064226316744
W M0.78,S2,0.8,0.01,-0.011498264463412844
W M0.78,S2,0.9,0.01,-0.02493438418447813
W M0.78,S2,0.96,0.01,0.023526555362408358
W M0.78,S2,0.99,0.01,0.03298532205649071
W M0.78,S2,0.2,0.02,-0.24517838312713858
W M0.78,S2,0.44,0.02,-0.035254008781407054
W M0.78,S2,0.65,0.02,-0.033578263727421565
W M0.78,S2,0.8,0.02,-0.00998812836687274
W M0.78,S2,0.9,0.02,0.01710568217580752
W M0.78,S2,0.96,0.02,0.0315833245389632
W M0.78,S2,0.99,0.02,0.04704044533346291
W M0.78,S2,0.2,0.04,-0.20303467482979176
W M0.78,S2,0.44,0.04,-0.02709801688470559
W M0.78,S2,0.65,0.04,-0.011181225819747509
W M0.78,S2,0.8,0.04,0.016287569288101156
W M0.78,S2,0.9,0.04,0.05099794253314868
W M0.78,S2,0.96,0.04,0.04914995112949169
W M0.78,S2,0.99,0.04,0.08233372450865795
W M0.78,S3,0.44,0.01,-0.09540068329734935
W M0.78,S3,0.65,0.01,-0.032988591530980216
W M0.78,S3,0.8,0.01,-0.011498264463412844
W M0.78,S3,0.9,0.01,-0.02493438418447813
W M0.78,S3,0.96,0.01,0.023526555362408358
W M0.78,S3,0.99,0.01,0.03298532205649071
W M0.78,S3,0.44,0.02,-0.06774490546018841
W M0.78,S3,0.65,0.02,-0.028882792837176707
W M0.78,S3,0.8,0.02,-0.00998812836687274
W M0.78,S3,0.9,0.02,0.01710568217580752
W M0.78,S3,0.96,0.02,0.0315833245389632
W M0.78,S3,0.99,0.02,0.04704044533346291
W M0.78,S3,0.44,0.04,-0.043617375439302164
W M0.78,S3,0.65,0.04,-0.011181225819747509
W M0.78,S3,0.8,0.04,0.016287569288101156
W M0.78,S3,0.9,0.04,0.05099794253314868
W M0.78,S3,0.96,0.04,0.04914995112949169
W M0.78,S3,0.99,0.04,0.08233372450865795
W M0.80,P0,0.2,0.01,0.004301885147916407
W M0.80,P0,0.44,0.01,-0.00020293901570206385
W M0.80,P0,0.65,0.01,0.011839627250444129
W M0.80,P0,0.8,0.01,0.6101766002022218
W M0.80,P0,0.9,0.01,-0.007867133969026496
W M0.80,P0,0.96,0.01,0.7701765267642352
W M0.80,P0,0.99,0.01,0.8368219044902712
W M0.80,P0,0.2,0.02,0.008864092184913908
W M0.80,P0,0.44,0.02,0.003481092358263993
W M0.80,P0,0.65,0.02,0.015198724259320062
W M0.80,P0,0.8,0.02,0.6057320891104208
W M0.80,P0,0.9,0.02,0.009549043027878068
W M0.80,P0,0.96,0.02,0.7840131075872756
W M0.80,P0,0.99,0.02,0.838225830579651
W M0.80,P0,0.2,0.04,0.004729661629751081
W M0.80,P0,0.44,0.04,0.02429601973544876
W M0.80,P0,0.65,0.04,0.03596722853258438
W M0.80,P0,0.8,0.04,0.5949046040800827
W M0.80,P0,0.9,0.04,0.013171650995102757
W M0.80,P0,0.96,0.04,0.7798118799657534
W M0.80,P0,0.99,0.04,0.8388907357559257
W M0.80,P1,0.2,0.01,-0.01054083798468175
W M0.80,P1,0.44,0.01,-0.01885887688227611
W M0.80,P1,0.65,0.01,-0.0069466394740964055
W M0.80,P1,0.8,0.01,0.004331942013187817
W M0.80,P1,0.9,0.01,-0.008381612247409409
W M0.80,P1,0.96,0.01,0.016395615615471343
W M0.80,P1,0.99,0.01,0.8320363183003037
W M0.80,P1,0.2,0.02,-0.007433735565182564
W M0.80,P1,0.44,0.02,0.003481092358263993
W M0.80,P1,0.65,0.02,0.01499485050459104
W M0.80,P1,0.8,0.02,0.005051823795661159
W M0.80,P1,0.9,0.02,0.0090512551012083
W M0.80,P1,0.96,0.02,0.7840131075872756
W M0.80,P1,0.99,0.02,0.8308536821513528
W M0.80,P1,0.2,0.04,-0.003995992053618558
W M0.80,P1,0.44,0.04,0.00789211845006349
W M0.80,P1,0.65,0.04,0.03596722853258438
W M0.80,P1,0.8,0.04,0.034084531929213124
W M0.80,P1,0.9,0.04,0.012692885728404768
W M0.80,P1,0.96,0.04,0.775428773182315
W M0.80,P1,0.99,0.04,0.831778945330772
W M0.80,P2,0.2,0.01,-0.011260733575719883
W M0.80,P2,0.44,0.01,-0.034365650109188184
W M0.80,P2,0.65,0.01,-0.018854094810007438
W M0.80,P2,0.8,0.01,0.004331942013187817
W M0.80,P2,0.9,0.01,-0.04592990057644475
W M0.80,P2,0.96,0.01,0.016648573627629087
W M0.80,P2,0.99,0.01,0.8262526412194613
W M0.80,P2,0.2,0.02,-0.008140081088776951
W M0.80,P2,0.44,0.02,-0.023290924613849573
W M0.80,P2,0.65,0.02,-0.015307776514219607
W M0.80,P2,0.8,0.02,0.005051823795661159
W M0.80,P2,0.9,0.02,-0.012385265022434921
W M0.80,P2,0.96,0.02,0.024464543280262957
W M0.80,P2,0.99,0.02,0.8251738929251391
W M0.80,P2,0.2,0.04,-0.003995992053618558
W M0.80,P2,0.44,0.04,0.0027312063552183963
W M0.80,P2,0.65,0.04,0.007373427198685445
W M0.80,P2,0.8,0.04,0.022081564863048464
W M0.80,P2,0.9,0.04,-0.006028614260111087
W M0.80,P2,0.96,0.04,0.7701315173729009
W M0.80,P2,0.99,0.04,0.8262997460134027
W M0.80,P3,0.2,0.01,-0.011260733575719883
W M0.80,P3,0.44,0.01,-0.01885887688227611
W M0.80,P3,0.65,0.01,-0.018854094810007438
W M0.80,P3,0.8,0.01,-0.012551828698095069
W M0.80,P3,0.9,0.01,-0.04592990057644475
W M0.80,P3,0.96,0.01,0.016648573627629087
W M0.80,P3,0.99,0.01,0.03258624438663932
W M0.80,P3,0.2,0.02,-0.008140081088776951
W M0.80,P3,0.44,0.02,-0.01885887688227611
W M0.80,P3,0.65,0.02,-0.002542921296235512
W M0.80,P3,0.8,0.02,-0.008019344090444691
W M0.80,P3,0.9,0.02,-0.012385265022434921
W M0.80,P3,0.96,0.02,0.024464543280262957
W M0.80,P3,0.99,0.02,0.04576353046373352
W M0.80,P3,0.2,0.04,-0.01195353537711108
W M0.80,P3,0.44,0.04,-0.008979404870443297
W M0.80,P3,0.65,0.04,0.023492241637655564
W M0.80,P3,0.8,0.04,0.017975504203203485
W M0.80,P3,0.9,0.04,-0.006028614260111087
W M0.80,P3,0.96,0.04,0.054044132378181564
W M0.80,P3,0.99,0.04,0.0744153792063757
W M0.80,S1,0.2,0.01,-0.01054083798468175
W M0.80,S1,0.44,0.01,-0.01885887688227611
W M0.80,S1,0.65,0.01,-0.0069466394740964055
W M0.80,S1,0.8,0.01,-0.012551828698095069
W M0.80,S1,0.9,0.01,-0.007867133969026496
W M0.80,S1,0.96,0.01,0.016395615615471343
W M0.80,S1,0.99,0.01,0.8368219044902712
W M0.80,S1,0.2,0.02,-0.007433735565182564
W M0.80,S1,0.44,0.02,0.003481092358263993
W M0.80,S1,0.65,0.02,0.01499485050459104
W M0.80,S1,0.8,0.02,-0.008019344090444691
W M0.80,S1,0.9,0.02,0.009549043027878068
W M0.80,S1,0.96,0.02,0.7840131075872756
W M0.80,S1,0.99,0.02,0.8355533084449662
W M0.80,S1,0.2,0.04,-0.003995992053618558
W M0.80,S1,0.44,0.04,0.00789211845006349
W M0.80,S1,0.65,0.04,0.03596722853258438
W M0.80,S1,0.8,0.04,0.034084531929213124
W M0.80,S1,0.9,0.04,0.013171650995102757
W M0.80,S1,0.96,0.04,0.7798118799657534
W M0.80,S1,0.99,0.04,0.8363125975763541
W M0.80,S2,0.2,0.01,-0.011260733575719883
W M0.80,S2,0.44,0.01,-0.01885887688227611
W M0.80,S2,0.65,0.01,-0.0069466394740964055
W M0.80,S2,0.8,0.01,-0.012551828698095069
W M0.80,S2,0.9,0.01,-0.007867133969026496
W M0.80,S2,0.96,0.01,0.016648573627629087
W M0.80,S2,0.99,0.01,0.833598291434182
W M0.80,S2,0.2,0.02,-0.008140081088776951
W M0.80,S2,0.44,0.02,-0.01885887688227611
W M0.80,S2,0.65,0.02,-0.002542921296235512
W M0.80,S2,0.8,0.02,-0.008019344090444691
W M0.80,S2,0.9,0.02,0.009549043027878068
W M0.80,S2,0.96,0.02,0.7840131075872756
W M0.80,S2,0.99,0.02,0.8323875987330416
W M0.80,S2,0.2,0.04,-0.01195353537711108
W M0.80,S2,0.44,0.04,0.0027312063552183963
W M0.80,S2,0.65,0.04,0.0238904435339915
W M0.80,S2,0.8,0.04,0.017975504203203485
W M0.80,S2,0.9,0.04,0.013171650995102757
W M0.80,S2,0.96,0.04,0.7768593805869006
W M0.80,S2,0.99,0.04,0.8332586894467158
W M0.80,S3,0.2,0.01,-0.011260733575719883
W M0.80,S3,0.44,0.01,-0.034365650109188184
W M0.80,S3,0.65,0.01,-0.018854094810007438
W M0.80,S3,0.8,0.01,-0.012551828698095069
W M0.80,S3,0.9,0.01,-0.04592990057644475
W M0.80,S3,0.96,0.01,0.016395615615471343
W M0.80,S3,0.99,0.01,0.03258624438663932
W M0.80,S3,0.2,0.02,-0.008140081088776951
W M0.80,S3,0.44,0.02,-0.034365650109188184
W M0.80,S3,0.65,0.02,-0.002542921296235512
W M0.80,S3,0.8,0.02,-0.008019344090444691
W M0.80,S3,0.9,0.02,-0.005193961400872749
W M0.80,S3,0.96,0.02,0.02421411453800204
W M0.80,S3,0.99,0.02,0.04576353046373352
W M0.80,S3,0.2,0.04,-0.01195353537711108
W M0.80,S3,0.44,0.04,-0.008979404870443297
W M0.80,S3,0.65,0.04,0.007373427198685445
W M0.80,S3,0.8,0.04,0.017975504203203485
W M0.80,S3,0.9,0.04,-0.001007958571731471
W M0.80,S3,0.96,0.04,0.054044132378181564
W M0.80,S3,0.99,0.04,0.0744153792063757
W M0.82,P0,0.2,0.01,-0.008122059454005237
W M0.82,P0,0.44,0.01,-0.013504388600761197
W M0.82,P0,0.65,0.01,-0.0012280912222474294
W M0.82,P0,0.8,0.01,0.5233630249753722
W M0.82,P0,0.9,0.01,0.02201098041134486
W M0.82,P0,0.96,0.01,0.6827395420602522
W M0.82,P0,0.99,0.01,0.7560874893921459
W M0.82,P0,0.2,0.02,-0.006418139246248233
W M0.82,P0,0.44,0.02,-0.011186145353289878
W M0.82,P0,0.65,0.02,0.0021080028501486714
W M0.82,P0,0.8,0.02,0.5188683194295869
W M0.82,P0,0.9,0.02,0.03691619364894655
W M0.82,P0,0.96,0.02,0.6965761228832926
W M0.82,P0,0.99,0.02,0.7574914154815255
W M0.82,P0,0.2,0.04,0.005993093585540121
W M0.82,P0,0.44,0.04,0.03414966034336053
W M0.82,P0,0.65,0.04,0.002180278603153618
W M0.82,P0,0.8,0.04,0.5077700807429091
W M0.82,P0,0.9,0.04,0.03767695600528248
W M0.82,P0,0.96,0.04,0.6923748952617704
W M0.82,P0,0.99,0.04,0.7581563206578001
W M0.82,P1,0.2,0.01,0.0012424319454538146
W M0.82,P1,0.44,0.01,-0.0061543838294217945
W M0.82,P1,0.65,0.01,-0.013042227048627675
W M0.82,P1,0.8,0.01,-0.014036455112031554
W M0.82,P1,0.9,0.01,-0.012117724698399057
W M0.82,P1,0.96,0.01,0.00637741975797812
W M0.82,P1,0.99,0.01,0.7528638763360567
W M0.82,P1,0.2,0.02,0.0027700911903457692
W M0.82,P1,0.44,0.02,-0.0061543838294217945
W M0.82,P1,0.65,0.02,0.0021080028501486714
W M0.82,P1,0.8,0.02,-0.0062914405508660565
W M0.82,P1,0.9,0.02,0.0038946686005016384
W M0.82,P1,0.96,0.02,0.6965761228832926
W M0.82,P1,0.99,0.02,0.7516531836349163
W M0.82,P1,0.2,0.04,0.005993093585540121
W M0.82,P1,0.44,0.04,0.0227408263218154
W M0.82,P1,0.65,0.04,0.007608317799389863
W M0.82,P1,0.8,0.04,0.006965198083981938
W M0.82,P1,0.9,0.04,0.021363411609697125
W M0.82,P1,0.96,0.04,0.6894223958829176
W M0.82,P1,0.99,0.04,0.7525242743485905
W M0.82,P2,0.2,0.01,-0.008122059454005237
W M0.82,P2,0.44,0.01,-0.0061543838294217945
W M0.82,P2,0.65,0.01,-0.0012280912222474294
W M0.82,P2,0.8,0.01,-0.030584658450245827
W M0.82,P2,0.9,0.01,-0.012117724698399057
W M0.82,P2,0.96,0.01,0.005958263436218303
W M0.82,P2,0.99,0.01,0.7466837250115124
W M0.82,P2,0.2,0.02,-0.006418139246248233
W M0.82,P2,0.44,0.02,-0.0061543838294217945
W M0.82,P2,0.65,0.02,0.0021080028501486714
W M0.82,P2,0.8,0.02,-0.029480910640472147
W M0.82,P2,0.9,0.02,0.0038946686005016384
W M0.82,P2,0.96,0.02,0.013006860464949532
W M0.82,P2,0.99,0.02,0.7455840417345516
W M0.82,P2,0.2,0.04,-0.004787717253563417
W M0.82,P2,0.44,0.04,0.03414966034336053
W M0.82,P2,0.65,0.04,0.002180278603153618
W M0.82,P2,0.8,0.04,-0.004337405792618709
W M0.82,P2,0.9,0.04,0.005917328261071053
W M0.82,P2,0.96,0.04,0.6837620102753876
W M0.82,P2,0.99,0.04,0.746669472905604
W M0.82,P3,0.2,0.01,-0.008122059454005237
W M0.82,P3,0.44,0.01,-0.0010155195615980661
W M0.82,P3,0.65,0.01,-0.0012280912222474294
W M0.82,P3,0.8,0.01,-0.014036455112031554
W M0.82,P3,0.9,0.01,-0.012117724698399057
W M0.82,P3,0.96,0.01,-0.03345258646141841
W M0.82,P3,0.99,0.01,0.7365854837945436
W M0.82,P3,0.2,0.02,-0.006418139246248233
W M0.82,P3,0.44,0.02,-0.0010155195615980661
W M0.82,P3,0.65,0.02,0.0021080028501486714
W M0.82,P3,0.8,0.02,-0.013950214027209862
W M0.82,P3,0.9,0.02,0.0038946686005016384
W M0.82,P3,0.96,0.02,-0.001806703715931668
W M0.82,P3,0.99,0.02,0.7356671876525991
W M0.82,P3,0.2,0.04,-0.004787717253563417
W M0.82,P3,0.44,0.04,0.0227408263218154
W M0.82,P3,0.65,0.04,0.002180278603153618
W M0.82,P3,0.8,0.04,0.003343887894019515
W M0.82,P3,0.9,0.04,0.007020810934340427
W M0.82,P3,0.96,0.04,0.6745130556391337
W M0.82,P3,0.99,0.04,0.7371028467594245
W M0.82,S1,0.2,0.01,-0.008122059454005237
W M0.82,S1,0.44,0.01,-0.0061543838294217945
W M0.82,S1,0.65,0.01,-0.0012280912222474294
W M0.82,S1,0.8,0.01,-0.014036455112031554
W M0.82,S1,0.9,0.01,0.02201098041134486
W M0.82,S1,0.96,0.01,0.6742138949196123
W M0.82,S1,0.99,0.01,0.7560874893921459
W M0.82,S1,0.2,0.02,-0.006418139246248233
W M0.82,S1,0.44,0.02,-0.0061543838294217945
W M0.82,S1,0.65,0.02,0.0021080028501486714
W M0.82,S1,0.8,0.02,-0.013073768913096362
W M0.82,S1,0.9,0.02,0.03691619364894655
W M0.82,S1,0.96,0.02,0.6965761228832926
W M0.82,S1,0.99,0.02,0.7548188933468407
W M0.82,S1,0.2,0.04,0.005993093585540121
W M0.82,S1,0.44,0.04,0.03414966034336053
W M0.82,S1,0.65,0.04,0.007608317799389863
W M0.82,S1,0.8,0.04,0.0004974078638639856
W M0.82,S1,0.9,0.04,0.03767695600528248
W M0.82,S1,0.96,0.04,0.6923748952617704
W M0.82,S1,0.99,0.04,0.7555781824782288
W M0.82,S2,0.2,0.01,0.0012424319454538146
W M0.82,S2,0.44,0.01,-0.0061543838294217945
W M0.82,S2,0.65,0.01,-0.0012280912222474294
W M0.82,S2,0.8,0.01,-0.014036455112031554
W M0.82,S2,0.9,0.01,-0.0553892046876861
W M0.82,S2,0.96,0.01,0.005958263436218303
W M0.82,S2,0.99,0.01,0.7528638763360567
W M0.82,S2,0.2,0.02,0.0027700911903457692
W M0.82,S2,0.44,0.02,-0.0061543838294217945
W M0.82,S2,0.65,0.02,0.0021080028501486714
W M0.82,S2,0.8,0.02,-0.013950214027209862
W M0.82,S2,0.9,0.02,-0.0017784012734767818
W M0.82,S2,0.96,0.02,0.6965761228832926
W M0.82,S2,0.99,0.02,0.7516531836349163
W M0.82,S2,0.2,0.04,0.005993093585540121
W M0.82,S2,0.44,0.04,0.0227408263218154
W M0.82,S2,0.65,0.04,0.002180278603153618
W M0.82,S2,0.8,0.04,-0.0003383911176629839
W M0.82,S2,0.9,0.04,0.00799772408740379
W M0.82,S2,0.96,0.04,0.6894223958829176
W M0.82,S2,0.99,0.04,0.7525242743485905
W M0.82,S3,0.2,0.01,-0.008122059454005237
W M0.82,S3,0.44,0.01,-0.013504388600761197
W M0.82,S3,0.65,0.01,-0.013042227048627675
W M0.82,S3,0.8,0.01,-0.014036455112031554
W M0.82,S3,0.9,0.01,-0.012117724698399057
W M0.82,S3,0.96,0.01,0.005958263436218303
W M0.82,S3,0.99,0.01,0.020962451423518297
W M0.82,S3,0.2,0.02,-0.006418139246248233
W M0.82,S3,0.44,0.02,-0.011186145353289878
W M0.82,S3,0.65,0.02,-0.010068481390232864
W M0.82,S3,0.8,0.02,-0.013950214027209862
W M0.82,S3,0.9,0.02,0.0038946686005016384
W M0.82,S3,0.96,0.02,0.013006860464949532
W M0.82,S3,0.99,0.02,0.032898355216420705
W M0.82,S3,0.2,0.04,-0.004787717253563417
W M0.82,S3,0.44,0.04,0.0227408263218154
W M0.82,S3,0.65,0.04,-0.00958310948255403
W M0.82,S3,0.8,0.04,-0.0003383911176629839
W M0.82,S3,0.9,0.04,0.005917328261071053
W M0.82,S3,0.96,0.04,0.02685494055848514
W M0.82,S3,0.99,0.04,0.06719978190609471
W M0.8395,P0,0.2,0.01,-0.006487176258751615
W M0.8395,P0,0.44,0.01,-0.02108592072442117
W M0.8395,P0,0.65,0.01,-0.00012082285169223717
W M0.8395,P0,0.8,0.01,0.4685054093901786
W M0.8395,P0,0.9,0.01,-0.014293135216671082
W M0.8395,P0,0.96,0.01,0.5991486111543811
W M0.8395,P0,0.99,0.01,0.6359575488198397
W M0.8395,P0,0.2,0.02,-0.005499914028199937
W M0.8395,P0,0.44,0.02,-0.013210876856558307
W M0.8395,P0,0.65,0.02,0.002926791829485631
W M0.8395,P0,0.8,0.02,0.46401070384439336
W M0.8395,P0,0.9,0.02,-0.0005738468020136667
W M0.8395,P0,0.96,0.02,0.6129851919774215
W M0.8395,P0,0.99,0.02,0.6373614749092195
W M0.8395,P0,0.2,0.04,-0.006242322744379636
W M0.8395,P0,0.44,0.04,0.008534911915633492
W M0.8395,P0,0.65,0.04,0.01334291538841137
W M0.8395,P0,0.8,0.04,0.45291246515771544
W M0.8395,P0,0.9,0.04,0.025226182021554355
W M0.8395,P0,0.96,0.04,0.6087839643558993
W M0.8395,P0,0.99,0.04,0.6380263800854941
W M0.8395,P1,0.2,0.01,-0.006487176258751615
W M0.8395,P1,0.44,0.01,-0.02108592072442117
W M0.8395,P1,0.65,0.01,-0.011327903866989675
W M0.8395,P1,0.8,0.01,-0.016526812124474044
W M0.8395,P1,0.9,0.01,-0.014293135216671082
W M0.8395,P1,0.96,0.01,-0.010685476133239002
W M0.8395,P1,0.99,0.01,0.6359575488198397
W M0.8395,P1,0.2,0.02,-0.005499914028199937
W M0.8395,P1,0.44,0.02,-0.013210876856558307
W M0.8395,P1,0.65,0.02,0.002926791829485631
W M0.8395,P1,0.8,0.02,-0.01688696450596905
W M0.8395,P1,0.9,0.02,0.020850299798040317
W M0.8395,P1,0.96,0.02,0.6193166245005446
W M0.8395,P1,0.99,0.02,0.6346889527745346
W M0.8395,P1,0.2,0.04,-0.007185477772425286
W M0.8395,P1,0.44,0.04,0.008534911915633492
W M0.8395,P1,0.65,0.04,0.0013608260808268824
W M0.8395,P1,0.8,0.04,0.01504387986008171
W M0.8395,P1,0.9,0.04,0.019440705694818594
W M0.8395,P1,0.96,0.04,0.6087839643558993
W M0.8395,P1,0.99,0.04,0.6354482419059226
W M0.8395,P2,0.2,0.01,-0.006487176258751615
W M0.8395,P2,0.44,0.01,-0.004616490640646065
W M0.8395,P2,0.65,0.01,-0.022177111850441134
W M0.8395,P2,0.8,0.01,-0.012630980874072772
W M0.8395,P2,0.9,0.01,-0.014293135216671082
W M0.8395,P2,0.96,0.01,-0.010685476133239002
W M0.8395,P2,0.99,0.01,0.6327339357637505
W M0.8395,P2,0.2,0.02,-0.005499914028199937
W M0.8395,P2,0.44,0.02,-0.004616490640646065
W M0.8395,P2,0.65,0.02,0.002926791829485631
W M0.8395,P2,0.8,0.02,-0.013024342433658243
W M0.8395,P2,0.9,0.02,0.020850299798040317
W M0.8395,P2,0.96,0.02,0.003991337490141411
W M0.8395,P2,0.99,0.02,0.6315232430626101
W M0.8395,P2,0.2,0.04,-0.007185477772425286
W M0.8395,P2,0.44,0.04,0.008534911915633492
W M0.8395,P2,0.65,0.04,0.0013608260808268824
W M0.8395,P2,0.8,0.04,0.01461319111392112
W M0.8395,P2,0.9,0.04,0.019440705694818594
W M0.8395,P2,0.96,0.04,0.6058314649770465
W M0.8395,P2,0.99,0.04,0.6323943337762843
W M0.8395,P3,0.2,0.01,-0.006487176258751615
W M0.8395,P3,0.44,0.01,-0.02108592072442117
W M0.8395,P3,0.65,0.01,-0.011327903866989675
W M0.8395,P3,0.8,0.01,0.004913853843031557
W M0.8395,P3,0.9,0.01,-0.014293135216671082
W M0.8395,P3,0.96,0.01,-0.010685476133239002
W M0.8395,P3,0.99,0.01,0.6311719626298721
W M0.8395,P3,0.2,0.02,-0.005499914028199937
W M0.8395,P3,0.44,0.02,-0.02108592072442117
W M0.8395,P3,0.65,0.02,-0.008654167492810005
W M0.8395,P3,0.8,0.02,0.004370935102131379
W M0.8395,P3,0.9,0.02,0.0015024137538504068
W M0.8395,P3,0.96,0.02,0.003991337490141411
W M0.8395,P3,0.99,0.02,0.6299893264809212
W M0.8395,P3,0.2,0.04,-0.007185477772425286
W M0.8395,P3,0.44,0.04,-0.0036274108454540377
W M0.8395,P3,0.65,0.04,-0.003150087086865483
W M0.8395,P3,0.8,0.04,0.01504387986008171
W M0.8395,P3,0.9,0.04,0.0032652550553777804
W M0.8395,P3,0.96,0.04,0.6044008575724609
W M0.8395,P3,0.99,0.04,0.6309145896603405
W M0.8395,S1,0.2,0.01,-0.006487176258751615
W M0.8395,S1,0.44,0.01,-0.02108592072442117
W M0.8395,S1,0.65,0.01,-0.00012082285169223717
W M0.8395,S1,0.8,0.01,-0.012630980874072772
W M0.8395,S1,0.9,0.01,-0.014293135216671082
W M0.8395,S1,0.96,0.01,0.5906229640137411
W M0.8395,S1,0.99,0.01,0.6359575488198397
W M0.8395,S1,0.2,0.02,-0.005499914028199937
W M0.8395,S1,0.44,0.02,-0.013210876856558307
W M0.8395,S1,0.65,0.02,0.002926791829485631
W M0.8395,S1,0.8,0.02,-0.013024342433658243
W M0.8395,S1,0.9,0.02,-0.0005738468020136667
W M0.8395,S1,0.96,0.02,0.6129851919774215
W M0.8395,S1,0.99,0.02,0.6346889527745346
W M0.8395,S1,0.2,0.04,-0.007185477772425286
W M0.8395,S1,0.44,0.04,0.008534911915633492
W M0.8395,S1,0.65,0.04,0.0013608260808268824
W M0.8395,S1,0.8,0.04,0.01504387986008171
W M0.8395,S1,0.9,0.04,0.0032652550553777804
W M0.8395,S1,0.96,0.04,0.6087839643558993
W M0.8395,S1,0.99,0.04,0.6354482419059226
W M0.8395,S2,0.2,0.01,-0.006487176258751615
W M0.8395,S2,0.44,0.01,-0.02108592072442117
W M0.8395,S2,0.65,0.01,-0.011327903866989675
W M0.8395,S2,0.8,0.01,-0.016526812124474044
W M0.8395,S2,0.9,0.01,-0.014293135216671082
W M0.8395,S2,0.96,0.01,-0.010685476133239002
W M0.8395,S2,0.99,0.01,0.6359575488198397
W M0.8395,S2,0.2,0.02,-0.005499914028199937
W M0.8395,S2,0.44,0.02,-0.013210876856558307
W M0.8395,S2,0.65,0.02,0.002926791829485631
W M0.8395,S2,0.8,0.02,-0.01688696450596905
W M0.8395,S2,0.9,0.02,0.0015024137538504068
W M0.8395,S2,0.96,0.02,0.6129851919774215
W M0.8395,S2,0.99,0.02,0.6346889527745346
W M0.8395,S2,0.2,0.04,-0.007185477772425286
W M0.8395,S2,0.44,0.04,0.008534911915633492
W M0.8395,S2,0.65,0.04,0.0013608260808268824
W M0.8395,S2,0.8,0.04,0.01461319111392112
W M0.8395,S2,0.9,0.04,0.0032652550553777804
W M0.8395,S2,0.96,0.04,0.6087839643558993
W M0.8395,S2,0.99,0.04,0.6354482419059226
W M0.8395,S3,0.2,0.01,-0.006487176258751615
W M0.8395,S3,0.44,0.01,-0.02108592072442117
W M0.8395,S3,0.65,0.01,-0.022177111850441134
W M0.8395,S3,0.8,0.01,-0.016526812124474044
W M0.8395,S3,0.9,0.01,-0.014293135216671082
W M0.8395,S3,0.96,0.01,-0.010685476133239002
W M0.8395,S3,0.99,0.01,0.6327339357637505
W M0.8395,S3,0.2,0.02,-0.005499914028199937
W M0.8395,S3,0.44,0.02,-0.013210876856558307
W M0.8395,S3,0.65,0.02,-0.014145397173679464
W M0.8395,S3,0.8,0.02,-0.01688696450596905
W M0.8395,S3,0.9,0.02,0.0015024137538504068
W M0.8395,S3,0.96,0.02,-0.004306268914620215
W M0.8395,S3,0.99,0.02,0.6315232430626101
W M0.8395,S3,0.2,0.04,-0.007185477772425286
W M0.8395,S3,0.44,0.04,-0.0036274108454540377
W M0.8395,S3,0.65,0.04,-0.003150087086865483
W M0.8395,S3,0.8,0.04,-0.0038196073035658973
W M0.8395,S3,0.9,0.04,0.0032652550553777804
W M0.8395,S3,0.96,0.04,0.6058314649770465
W M0.8395,S3,0.99,0.04,0.6323943337762843
W M0.86,P0,0.2,0.01,0.007876947268001477
W M0.86,P0,0.44,0.01,-0.004508857460609805
W M0.86,P0,0.65,0.01,-0.004404654278058584
W M0.86,P0,0.8,0.01,0.40971309469407935
W M0.86,P0,0.9,0.01,-0.018707429079338755
W M0.86,P0,0.96,0.01,0.4920141821214196
W M0.86,P0,0.99,0.01,0.5404359229815905
W M0.86,P0,0.2,0.02,0.007096183997321148
W M0.86,P0,0.44,0.02,-0.004508857460609805
W M0.86,P0,0.65,0.02,0.004219004060120324
W M0.86,P0,0.8,0.02,0.4052183891482941
W M0.86,P0,0.9,0.02,0.014047353396729356
W M0.86,P0,0.96,0.02,0.5123337490927795
W M0.86,P0,0.99,0.02,0.5390459279766768
W M0.86,P0,0.2,0.04,-9.889458106093763e-05
W M0.86,P0,0.44,0.04,-0.005093770560102517
W M0.86,P0,0.65,0.04,0.011193715234449342
W M0.86,P0,0.8,0.04,0.3941201504616162
W M0.86,P0,0.9,0.04,0.009951624257318548
W M0.86,P0,0.96,0.04,0.5078396847522739
W M0.86,P0,0.99,0.04,0.5395708162117447
W M0.86,P1,0.2,0.01,-0.015402999770814052
W M0.86,P1,0.44,0.01,-0.004508857460609805
W M0.86,P1,0.65,0.01,-0.004404654278058584
W M0.86,P1,0.8,0.01,-0.023361483283994455
W M0.86,P1,0.9,0.01,-0.018707429079338755
W M0.86,P1,0.96,0.01,0.4829843178541841
W M0.86,P1,0.99,0.01,0.536898079801317
W M0.86,P1,0.2,0.02,0.0016595062779042324
W M0.86,P1,0.44,0.02,-0.004508857460609805
W M0.86,P1,0.65,0.02,0.004219004060120324
W M0.86,P1,0.8,0.02,0.0008600459451556519
W M0.86,P1,0.9,0.02,-0.007345970619558773
W M0.86,P1,0.96,0.02,0.5121821954675831
W M0.86,P1,0.99,0.02,0.5355716324206696
W M0.86,P1,0.2,0.04,-0.005890299320836734
W M0.86,P1,0.44,0.04,0.010473629598426792
W M0.86,P1,0.65,0.04,0.011193715234449342
W M0.86,P1,0.8,0.04,0.008514382366316187
W M0.86,P1,0.9,0.04,0.005020949970509947
W M0.86,P1,0.96,0.04,0.5045993827648796
W M0.86,P1,0.99,0.04,0.5362192203900272
W M0.86,P2,0.2,0.01,-0.015402999770814052
W M0.86,P2,0.44,0.01,-0.004508857460609805
W M0.86,P2,0.65,0.01,-0.004404654278058584
W M0.86,P2,0.8,0.01,-0.023361483283994455
W M0.86,P2,0.9,0.01,-0.030115629777035746
W M0.86,P2,0.96,0.01,0.48348853498077965
W M0.86,P2,0.99,0.01,0.5304537491405353
W M0.86,P2,0.2,0.02,-0.011474791085988256
W M0.86,P2,0.44,0.02,-0.004508857460609805
W M0.86,P2,0.65,0.02,0.004219004060120324
W M0.86,P2,0.8,0.02,-0.003864994321057136
W M0.86,P2,0.9,0.02,0.002122878858864752
W M0.86,P2,0.96,0.02,0.50585076294446
W M0.86,P2,0.99,0.02,0.529243056439395
W M0.86,P2,0.2,0.04,-0.009785115616296691
W M0.86,P2,0.44,0.04,0.010473629598426792
W M0.86,P2,0.65,0.04,0.011193715234449342
W M0.86,P2,0.8,0.04,0.005289181566957679
W M0.86,P2,0.9,0.04,-0.0015171638078088634
W M0.86,P2,0.96,0.04,0.49869703594408504
W M0.86,P2,0.99,0.04,0.5301141471530691
W M0.86,P3,0.2,0.01,-0.015402999770814052
W M0.86,P3,0.44,0.01,-0.004508857460609805
W M0.86,P3,0.65,0.01,-0.004404654278058584
W M0.86,P3,0.8,0.01,-0.002963289187403406
W M0.86,P3,0.9,0.01,-0.018707429079338755
W M0.86,P3,0.96,0.01,-0.05452099144630462
W M0.86,P3,0.99,0.01,0.5304537491405353
W M0.86,P3,0.2,0.02,0.0016595062779042324
W M0.86,P3,0.44,0.02,-0.004508857460609805
W M0.86,P3,0.65,0.02,0.004219004060120324
W M0.86,P3,0.8,0.02,0.0008600459451556519
W M0.86,P3,0.9,0.02,-0.007345970619558773
W M0.86,P3,0.96,0.02,0.4912844986811467
W M0.86,P3,0.99,0.02,0.529243056439395
W M0.86,P3,0.2,0.04,-0.005890299320836734
W M0.86,P3,0.44,0.04,-0.005093770560102517
W M0.86,P3,0.65,0.04,0.011193715234449342
W M0.86,P3,0.8,0.04,0.008514382366316187
W M0.86,P3,0.9,0.04,0.005020949970509947
W M0.86,P3,0.96,0.04,0.49869703594408504
W M0.86,P3,0.99,0.04,0.5301141471530691
W M0.86,S1,0.2,0.01,-0.015402999770814052
W M0.86,S1,0.44,0.01,-0.004508857460609805
W M0.86,S1,0.65,0.01,-0.004404654278058584
W M0.86,S1,0.8,0.01,-0.023361483283994455
W M0.86,S1,0.9,0.01,-0.018707429079338755
W M0.86,S1,0.96,0.01,0.4920141821214196
W M0.86,S1,0.99,0.01,0.5336773621966245
W M0.86,S1,0.2,0.02,0.0016595062779042324
W M0.86,S1,0.44,0.02,-0.004508857460609805
W M0.86,S1,0.65,0.02,0.004219004060120324
W M0.86,S1,0.8,0.02,0.0008600459451556519
W M0.86,S1,0.9,0.02,0.014047353396729356
W M0.86,S1,0.96,0.02,0.50585076294446
W M0.86,S1,0.99,0.02,0.5324087661513195
W M0.86,S1,0.2,0.04,-9.889458106093763e-05
W M0.86,S1,0.44,0.04,0.010473629598426792
W M0.86,S1,0.65,0.04,0.011193715234449342
W M0.86,S1,0.8,0.04,0.008514382366316187
W M0.86,S1,0.9,0.04,0.009951624257318548
W M0.86,S1,0.96,0.04,0.5016495353229378
W M0.86,S1,0.99,0.04,0.5331680552827075
W M0.86,S2,0.2,0.01,-0.015402999770814052
W M0.86,S2,0.44,0.01,-0.004508857460609805
W M0.86,S2,0.65,0.01,-0.004404654278058584
W M0.86,S2,0.8,0.01,-0.023361483283994455
W M0.86,S2,0.9,0.01,-0.030115629777035746
W M0.86,S2,0.96,0.01,0.48348853498077965
W M0.86,S2,0.99,0.01,0.536898079801317
W M0.86,S2,0.2,0.02,0.0016595062779042324
W M0.86,S2,0.44,0.02,-0.004508857460609805
W M0.86,S2,0.65,0.02,0.004219004060120324
W M0.86,S2,0.8,0.02,0.0008600459451556519
W M0.86,S2,0.9,0.02,-0.018384074288752217
W M0.86,S2,0.96,0.02,0.50585076294446
W M0.86,S2,0.99,0.02,0.5355716324206696
W M0.86,S2,0.2,0.04,-0.005890299320836734
W M0.86,S2,0.44,0.04,0.010473629598426792
W M0.86,S2,0.65,0.04,0.011193715234449342
W M0.86,S2,0.8,0.04,0.008514382366316187
W M0.86,S2,0.9,0.04,-0.015133412358986909
W M0.86,S2,0.96,0.04,0.5045993827648796
W M0.86,S2,0.99,0.04,0.5362192203900272
W M0.86,S3,0.2,0.01,-0.015402999770814052
W M0.86,S3,0.44,0.01,-0.004508857460609805
W M0.86,S3,0.65,0.01,-0.004404654278058584
W M0.86,S3,0.8,0.01,-0.023361483283994455
W M0.86,S3,0.9,0.01,-0.030115629777035746
W M0.86,S3,0.96,0.01,-0.030201881842294054
W M0.86,S3,0.99,0.01,0.5304537491405353
W M0.86,S3,0.2,0.02,0.0016595062779042324
W M0.86,S3,0.44,0.02,-0.004508857460609805
W M0.86,S3,0.65,0.02,0.004219004060120324
W M0.86,S3,0.8,0.02,0.0008600459451556519
W M0.86,S3,0.9,0.02,-0.018384074288752217
W M0.86,S3,0.96,0.02,0.50585076294446
W M0.86,S3,0.99,0.02,0.529243056439395
W M0.86,S3,0.2,0.04,-0.005890299320836734
W M0.86,S3,0.44,0.04,0.010473629598426792
W M0.86,S3,0.65,0.04,0.011193715234449342
W M0.86,S3,0.8,0.04,0.008514382366316187
W M0.86,S3,0.9,0.04,-0.015133412358986909
W M0.86,S3,0.96,0.04,0.49869703594408504
W M0.86,S3,0.99,0.04,0.5301141471530691
W M0.88,P0,0.2,0.01,-0.014557928289716249
W M0.88,P0,0.44,0.01,-0.003644165394176224
W M0.88,P0,0.65,0.01,-0.00295096645674775
W M0.88,P0,0.8,0.01,0.3515190206529468
W M0.88,P0,0.9,0.01,-0.027859330560028872
W M0.88,P0,0.96,0.01,0.43765812624668643
W M0.88,P0,0.99,0.01,0.42374799957999887
W M0.88,P0,0.2,0.02,-0.01202589483033678
W M0.88,P0,0.44,0.02,-0.0022725298915381442
W M0.88,P0,0.65,0.02,-0.0009898540699766478
W M0.88,P0,0.8,0.02,0.3470243151071616
W M0.88,P0,0.9,0.02,0.0022162645434344874
W M0.88,P0,0.96,0.02,0.4579910743837212
W M0.88,P0,0.99,0.02,0.4223282097919324
W M0.88,P0,0.2,0.04,-0.020528403813553475
W M0.88,P0,0.44,0.04,-0.0032390540257303257
W M0.88,P0,0.65,0.04,0.008715275439755699
W M0.88,P0,0.8,0.04,0.33592607642048367
W M0.88,P0,0.9,0.04,-0.003436807246587903
W M0.88,P0,0.96,0.04,0.45500286891489705
W M0.88,P0,0.99,0.04,0.4227955693307148
W M0.88,P1,0.2,0.01,-0.014557928289716249
W M0.88,P1,0.44,0.01,-0.013954478908190127
W M0.88,P1,0.65,0.01,-0.00295096645674775
W M0.88,P1,0.8,0.01,-0.02020993490598144
W M0.88,P1,0.9,0.01,-0.014191644562439376
W M0.88,P1,0.96,0.01,0.4336039973021528
W M0.88,P1,0.99,0.01,0.42208925510918427
W M0.88,P1,0.2,0.02,-0.01202589483033678
W M0.88,P1,0.44,0.02,-0.0022725298915381442
W M0.88,P1,0.65,0.02,-0.0009898540699766478
W M0.88,P1,0.8,0.02,-0.0007994488652462994
W M0.88,P1,0.9,0.02,0.0022162645434344874
W M0.88,P1,0.96,0.02,0.4578261395928499
W M0.88,P1,0.99,0.02,0.4206992601042706
W M0.88,P1,0.2,0.04,-0.007285858301882331
W M0.88,P1,0.44,0.04,-0.0032390540257303257
W M0.88,P1,0.65,0.04,0.011692204330774225
W M0.88,P1,0.8,0.04,0.004233032557656613
W M0.88,P1,0.9,0.04,-0.003932191833986742
W M0.88,P1,0.96,0.04,0.4534836288775407
W M0.88,P1,0.99,0.04,0.4212241483393385
W M0.88,P2,0.2,0.01,-0.014557928289716249
W M0.88,P2,0.44,0.01,-0.013954478908190127
W M0.88,P2,0.65,0.01,-0.004428070538246565
W M0.88,P2,0.8,0.01,-0.02020993490598144
W M0.88,P2,0.9,0.01,-0.014191644562439376
W M0.88,P2,0.96,0.01,0.42913247910604646
W M0.88,P2,0.99,0.01,0.41855141192891077
W M0.88,P2,0.2,0.02,-0.01202589483033678
W M0.88,P2,0.44,0.02,-0.010482379926978092
W M0.88,P2,0.65,0.02,-0.0024579483179173467
W M0.88,P2,0.8,0.02,-0.02096757129187421
W M0.88,P2,0.9,0.02,-0.002854508614418494
W M0.88,P2,0.96,0.02,0.4578261395928499
W M0.88,P2,0.99,0.02,0.4172249645482634
W M0.88,P2,0.2,0.04,-0.007285858301882331
W M0.88,P2,0.44,0.04,-0.0032390540257303257
W M0.88,P2,0.65,0.04,0.011692204330774225
W M0.88,P2,0.8,0.04,-0.007068414877796192
W M0.88,P2,0.9,0.04,-0.0088091885091095
W M0.88,P2,0.96,0.04,0.45024332689014634
W M0.88,P2,0.99,0.04,0.417872552517621
W M0.88,P3,0.2,0.01,-0.014557928289716249
W M0.88,P3,0.44,0.01,-0.013954478908190127
W M0.88,P3,0.65,0.01,-0.00295096645674775
W M0.88,P3,0.8,0.01,-0.02020993490598144
W M0.88,P3,0.9,0.01,-0.010025330469087379
W M0.88,P3,0.96,0.01,0.007475547174260577
W M0.88,P3,0.99,0.01,0.41855141192891077
W M0.88,P3,0.2,0.02,-0.01202589483033678
W M0.88,P3,0.44,0.02,-0.0022725298915381442
W M0.88,P3,0.65,0.02,-0.0009898540699766478
W M0.88,P3,0.8,0.02,-0.0007994488652462994
W M0.88,P3,0.9,0.02,0.0022162645434344874
W M0.88,P3,0.96,0.02,0.45149470706972683
W M0.88,P3,0.99,0.02,0.4172249645482634
W M0.88,P3,0.2,0.04,-0.01910323801127356
W M0.88,P3,0.44,0.04,-0.0045325972709490125
W M0.88,P3,0.65,0.04,0.011692204330774225
W M0.88,P3,0.8,0.04,0.004233032557656613
W M0.88,P3,0.9,0.04,-0.003932191833986742
W M0.88,P3,0.96,0.04,0.45024332689014634
W M0.88,P3,0.99,0.04,0.417872552517621
W M0.88,S1,0.2,0.01,-0.014557928289716249
W M0.88,S1,0.44,0.01,-0.003644165394176224
W M0.88,S1,0.65,0.01,-0.00295096645674775
W M0.88,S1,0.8,0.01,-0.02020993490598144
W M0.88,S1,0.9,0.01,-0.014191644562439376
W M0.88,S1,0.96,0.01,0.43765812624668643
W M0.88,S1,0.99,0.01,0.42208925510918427
W M0.88,S1,0.2,0.02,-0.01202589483033678
W M0.88,S1,0.44,0.02,-0.0022725298915381442
W M0.88,S1,0.65,0.02,-0.0009898540699766478
W M0.88,S1,0.8,0.02,-0.0007994488652462994
W M0.88,S1,0.9,0.02,0.0022162645434344874
W M0.88,S1,0.96,0.02,0.45149470706972683
W M0.88,S1,0.99,0.02,0.4206992601042706
W M0.88,S1,0.2,0.04,-0.007285858301882331
W M0.88,S1,0.44,0.04,-0.0032390540257303257
W M0.88,S1,0.65,0.04,0.011692204330774225
W M0.88,S1,0.8,0.04,0.004233032557656613
W M0.88,S1,0.9,0.04,-0.003436807246587903
W M0.88,S1,0.96,0.04,0.4534836288775407
W M0.88,S1,0.99,0.04,0.4212241483393385
W M0.88,S2,0.2,0.01,-0.014557928289716249
W M0.88,S2,0.44,0.01,-0.013954478908190127
W M0.88,S2,0.65,0.01,-0.00295096645674775
W M0.88,S2,0.8,0.01,-0.02020993490598144
W M0.88,S2,0.9,0.01,-0.014191644562439376
W M0.88,S2,0.96,0.01,0.42913247910604646
W M0.88,S2,0.99,0.01,0.41855141192891077
W M0.88,S2,0.2,0.02,-0.01202589483033678
W M0.88,S2,0.44,0.02,-0.0022725298915381442
W M0.88,S2,0.65,0.02,-0.0009898540699766478
W M0.88,S2,0.8,0.02,-0.0007994488652462994
W M0.88,S2,0.9,0.02,-0.002854508614418494
W M0.88,S2,0.96,0.02,0.4578261395928499
W M0.88,S2,0.99,0.02,0.4172249645482634
W M0.88,S2,0.2,0.04,-0.007285858301882331
W M0.88,S2,0.44,0.04,-0.0032390540257303257
W M0.88,S2,0.65,0.04,0.011692204330774225
W M0.88,S2,0.8,0.04,0.004233032557656613
W M0.88,S2,0.9,0.04,-0.0088091885091095
W M0.88,S2,0.96,0.04,0.45024332689014634
W M0.88,S2,0.99,0.04,0.417872552517621
W M0.88,S3,0.2,0.01,-0.014557928289716249
W M0.88,S3,0.44,0.01,-0.013954478908190127
W M0.88,S3,0.65,0.01,-0.00295096645674775
W M0.88,S3,0.8,0.01,-0.02020993490598144
W M0.88,S3,0.9,0.01,-0.03626431882322523
W M0.88,S3,0.96,0.01,-0.01148346543803902
W M0.88,S3,0.99,0.01,0.41855141192891077
W M0.88,S3,0.2,0.02,-0.01202589483033678
W M0.88,S3,0.44,0.02,-0.0022725298915381442
W M0.88,S3,0.65,0.02,-0.0009898540699766478
W M0.88,S3,0.8,0.02,-0.02096757129187421
W M0.88,S3,0.9,0.02,-0.015159522232924383
W M0.88,S3,0.96,0.02,0.45149470706972683
W M0.88,S3,0.99,0.02,0.4172249645482634
W M0.88,S3,0.2,0.04,-0.007285858301882331
W M0.88,S3,0.44,0.04,-0.0032390540257303257
W M0.88,S3,0.65,0.04,0.011692204330774225
W M0.88,S3,0.8,0.04,-0.007068414877796192
W M0.88,S3,0.9,0.04,-0.015012146363404755
W M0.88,S3,0.96,0.04,0.45024332689014634
W M0.88,S3,0.99,0.04,0.417872552517621
WB M0.78,P0,0.2,0.01,0.0073969328923415845
WB M0.78,P0,0.44,0.01,0.015896062982588388
WB M0.78,P0,0.65,0.01,0.008242319604481296
WB M0.78,P0,0.8,0.01,0.03002780032992286
WB M0.78,P0,0.9,0.01,0.01911693180467497
WB M0.78,P0,0.96,0.01,0.8333381511095905
WB M0.78,P0,0.99,0.01,0.8737181314903679
WB M0.78,P0,0.2,0.02,0.024476737582574598
WB M0.78,P0,0.44,0.02,0.021410635610141338
WB M0.78,P0,0.65,0.02,0.0195446660510592
WB M0.78,P0,0.8,0.02,0.044821321312221496
WB M0.78,P0,0.9,0.02,0.01879154587511747
WB M0.78,P0,0.96,0.02,0.8290480059379108
WB M0.78,P0,0.99,0.02,0.874265532362104
WB M0.78,P0,0.2,0.04,0.08302862165345684
WB M0.78,P0,0.44,0.04,0.03668887259242537
WB M0.78,P0,0.65,0.04,0.05950764513816709
WB M0.78,P0,0.8,0.04,0.0924281340330278
WB M0.78,P0,0.9,0.04,0.03970610871936156
WB M0.78,P0,0.96,0.04,0.8224058189716961
WB M0.78,P0,0.99,0.04,0.8747642821894183
WB M0.78,P1,0.2,0.01,0.0073969328923415845
WB M0.78,P1,0.44,0.01,-0.0366569188702969
WB M0.78,P1,0.65,0.01,-0.02499126519442907
WB M0.78,P1,0.8,0.01,0.03002780032992286
WB M0.78,P1,0.9,0.01,0.008016775324030029
WB M0.78,P1,0.96,0.01,0.02118906203461307
WB M0.78,P1,0.99,0.01,0.870052509585278
WB M0.78,P1,0.2,0.02,0.024476737582574598
WB M0.78,P1,0.44,0.02,-0.0013307145978228019
WB M0.78,P1,0.65,0.02,0.0035946584818699057
WB M0.78,P1,0.8,0.02,0.031607215783300446
WB M0.78,P1,0.9,0.02,0.005982616282034531
WB M0.78,P1,0.96,0.02,0.03405453339225034
WB M0.78,P1,0.99,0.02,0.8707038720376259
WB M0.78,P1,0.2,0.04,0.05724921539009828
WB M0.78,P1,0.44,0.04,0.03266370891310777
WB M0.78,P1,0.65,0.04,0.0427258762717449
WB M0.78,P1,0.8,0.04,0.0603131773715731
WB M0.78,P1,0.9,0.04,0.02551284689364089
WB M0.78,P1,0.96,0.04,0.8190252957205453
WB M0.78,P1,0.99,0.04,0.8712973437096697
WB M0.78,P2,0.2,0.01,0.024117582700566853
WB M0.78,P2,0.44,0.01,-0.019161167611375318
WB M0.78,P2,0.65,0.01,-0.03591442074617157
WB M0.78,P2,0.8,0.01,-0.0008115229733661744
WB M0.78,P2,0.9,0.01,-0.009329826486538073
WB M0.78,P2,0.96,0.01,0.006589735549669767
WB M0.78,P2,0.99,0.01,0.8648886813581886
WB M0.78,P2,0.2,0.02,0.03121411348289263
WB M0.78,P2,0.44,0.02,-0.013153301999206224
WB M0.78,P2,0.65,0.02,0.0035946584818699057
WB M0.78,P2,0.8,0.02,0.03699988737213378
WB M0.78,P2,0.9,0.02,0.003221735966385336
WB M0.78,P2,0.96,0.02,0.03405453339225034
WB M0.78,P2,0.99,0.02,0.8656864963794035
WB M0.78,P2,0.2,0.04,0.05724921539009828
WB M0.78,P2,0.44,0.04,0.03266370891310777
WB M0.78,P2,0.65,0.04,0.025936727689895578
WB M0.78,P2,0.8,0.04,0.04634970577236591
WB M0.78,P2,0.9,0.04,0.022844812654086083
WB M0.78,P2,0.96,0.04,0.8142630911510056
WB M0.78,P2,0.99,0.04,0.8664134044363778
WB M0.78,P3,0.44,0.01,-0.021062165984833264
WB M0.78,P3,0.65,0.01,-0.03591442074617157
WB M0.78,P3,0.8,0.01,0.03002780032992286
WB M0.78,P3,0.9,0.01,0.01911693180467497
WB M0.78,P3,0.96,0.01,0.006589735549669767
WB M0.78,P3,0.99,0.01,0.02861249728628759
WB M0.78,P3,0.44,0.02,-0.015027551278525647
WB M0.78,P3,0.65,0.02,-0.00389036751819144
WB M0.78,P3,0.8,0.02,0.03699988737213378
WB M0.78,P3,0.9,0.02,0.016833950792111613
WB M0.78,P3,0.96,0.02,0.017392258240455954
WB M0.78,P3,0.99,0.02,0.053128141416765695
WB M0.78,P3,0.44,0.04,0.022661944896790798
WB M0.78,P3,0.65,0.04,0.025936727689895578
WB M0.78,P3,0.8,0.04,0.0603131773715731
WB M0.78,P3,0.9,0.04,0.035999260177710074
WB M0.78,P3,0.96,0.04,0.043029407526085806
WB M0.78,P3,0.99,0.04,0.07546492220740622
WB M0.78,S1,0.2,0.01,0.0073969328923415845
WB M0.78,S1,0.44,0.01,-0.021062165984833264
WB M0.78,S1,0.65,0.01,-0.03591442074617157
WB M0.78,S1,0.8,0.01,0.03002780032992286
WB M0.78,S1,0.9,0.01,0.01911693180467497
WB M0.78,S1,0.96,0.01,0.02118906203461307
WB M0.78,S1,0.99,0.01,0.8737181314903679
WB M0.78,S1,0.2,0.02,0.014637611521536226
WB M0.78,S1,0.44,0.02,-0.015027551278525647
WB M0.78,S1,0.65,0.02,-0.00389036751819144
WB M0.78,S1,0.8,0.02,0.03699988737213378
WB M0.78,S1,0.9,0.02,0.01879154587511747
WB M0.78,S1,0.96,0.02,0.03405453339225034
WB M0.78,S1,0.99,0.02,0.874265532362104
WB M0.78,S1,0.2,0.04,0.05724921539009828
WB M0.78,S1,0.44,0.04,0.022661944896790798
WB M0.78,S1,0.65,0.04,0.025936727689895578
WB M0.78,S1,0.8,0.04,0.0603131773715731
WB M0.78,S1,0.9,0.04,0.037891022989389816
WB M0.78,S1,0.96,0.04,0.8224058189716961
WB M0.78,S1,0.99,0.04,0.8747642821894183
WB M0.78,S2,0.44,0.01,-0.021062165984833264
WB M0.78,S2,0.65,0.01,-0.03591442074617157
WB M0.78,S2,0.8,0.01,-0.0008115229733661744
WB M0.78,S2,0.9,0.01,-0.009329826486538073
WB M0.78,S2,0.96,0.01,0.006589735549669767
WB M0.78,S2,0.99,0.01,0.03598677335367009
WB M0.78,S2,0.44,0.02,-0.015027551278525647
WB M0.78,S2,0.65,0.02,-0.00389036751819144
WB M0.78,S2,0.8,0.02,0.03699988737213378
WB M0.78,S2,0.9,0.02,0.003221735966385336
WB M0.78,S2,0.96,0.02,0.03405453339225034
WB M0.78,S2,0.99,0.02,0.060293273874773734
WB M0.78,S2,0.44,0.04,0.022661944896790798
WB M0.78,S2,0.65,0.04,0.025936727689895578
WB M0.78,S2,0.8,0.04,0.0603131773715731
WB M0.78,S2,0.9,0.04,0.022844812654086083
WB M0.78,S2,0.96,0.04,0.04983013939414235
WB M0.78,S2,0.99,0.04,0.08243949899689917
WB M0.78,S3,0.44,0.01,-0.05055876164489295
WB M0.78,S3,0.65,0.01,-0.03591442074617157
WB M0.78,S3,0.8,0.01,-0.0008115229733661744
WB M0.78,S3,0.9,0.01,-0.019885749068482866
WB M0.78,S3,0.96,0.01,0.006589735549669767
WB M0.78,S3,0.99,0.01,0.02861249728628759
WB M0.78,S3,0.44,0.02,-0.025474838804210503
WB M0.78,S3,0.65,0.02,-0.00389036751819144
WB M0.78,S3,0.8,0.02,0.03699988737213378
WB M0.78,S3,0.9,0.02,0.003221735966385336
WB M0.78,S3,0.96,0.02,0.03405453339225034
WB M0.78,S3,0.99,0.02,0.053128141416765695
WB M0.78,S3,0.44,0.04,0.022661944896790798
WB M0.78,S3,0.65,0.04,0.025936727689895578
WB M0.78,S3,0.8,0.04,0.0603131773715731
WB M0.78,S3,0.9,0.04,0.022844812654086083
WB M0.78,S3,0.96,0.04,0.043029407526085806
WB M0.78,S3,0.99,0.04,0.07546492220740622
WB M0.82,P0,0.2,0.01,0.005223816501063072
WB M0.82,P0,0.44,0.01,0.023722862454157445
WB M0.82,P0,0.65,0.01,-0.013471422515237308
WB M0.82,P0,0.8,0.01,0.00964145073587147
WB M0.82,P0,0.9,0.01,0.004491239906576128
WB M0.82,P0,0.96,0.01,0.7407728001693984
WB M0.82,P0,0.99,0.01,0.7852849131520345
WB M0.82,P0,0.2,0.02,0.02383491440630303
WB M0.82,P0,0.44,0.02,0.02495680971033476
WB M0.82,P0,0.65,0.02,0.02838375157449774
WB M0.82,P0,0.8,0.02,0.008918458103013338
WB M0.82,P0,0.9,0.02,0.006391635305328047
WB M0.82,P0,0.96,0.02,0.7363572851932523
WB M0.82,P0,0.99,0.02,0.7857619583565585
WB M0.82,P0,0.2,0.04,0.07103802818476879
WB M0.82,P0,0.44,0.04,0.03426643453421574
WB M0.82,P0,0.65,0.04,0.04274551889510253
WB M0.82,P0,0.8,0.04,0.015973180859689462
WB M0.82,P0,0.9,0.04,0.022149779818561477
WB M0.82,P0,0.96,0.04,0.7253761717039316
WB M0.82,P0,0.99,0.04,0.7863150284898588
WB M0.82,P1,0.2,0.01,-0.011194167582879055
WB M0.82,P1,0.44,0.01,0.010971923742213008
WB M0.82,P1,0.65,0.01,-0.019021767600894857
WB M0.82,P1,0.8,0.01,-0.020031874117157678
WB M0.82,P1,0.9,0.01,0.004491239906576128
WB M0.82,P1,0.96,0.01,0.0071239940230492516
WB M0.82,P1,0.99,0.01,0.7828042152503473
WB M0.82,P1,0.2,0.02,0.020767329861518746
WB M0.82,P1,0.44,0.02,0.012385290436472185
WB M0.82,P1,0.65,0.02,0.013698859885522718
WB M0.82,P1,0.8,0.02,-0.0038078280364245987
WB M0.82,P1,0.9,0.02,0.006391635305328047
WB M0.82,P1,0.96,0.02,0.016101571250608737
WB M0.82,P1,0.99,0.02,0.7833516161220834
WB M0.82,P1,0.2,0.04,0.03362671051670263
WB M0.82,P1,0.44,0.04,0.03426643453421574
WB M0.82,P1,0.65,0.04,0.02793100868911985
WB M0.82,P1,0.8,0.04,-0.0003087787317127
WB M0.82,P1,0.9,0.04,0.022149779818561477
WB M0.82,P1,0.96,0.04,0.7229729421476709
WB M0.82,P1,0.99,0.04,0.7838503659493976
WB M0.82,P2,0.2,0.01,-0.009243362160706203
WB M0.82,P2,0.44,0.01,-0.008417890102419223
WB M0.82,P2,0.65,0.01,-0.019021767600894857
WB M0.82,P2,0.8,0.01,-0.020031874117157678
WB M0.82,P2,0.9,0.01,-0.002993522864855158
WB M0.82,P2,0.96,0.01,0.0071239940230492516
WB M0.82,P2,0.99,0.01,0.7744455315360568
WB M0.82,P2,0.2,0.02,0.006146634373612514
WB M0.82,P2,0.44,0.02,0.006658716737287351
WB M0.82,P2,0.65,0.02,-0.0034772788192437565
WB M0.82,P2,0.8,0.02,-0.0038078280364245987
WB M0.82,P2,0.9,0.02,-0.007286052799670095
WB M0.82,P2,0.96,0.02,0.016101571250608737
WB M0.82,P2,0.99,0.02,0.7752299950381653
WB M0.82,P2,0.2,0.04,0.02864403924007841
WB M0.82,P2,0.44,0.04,0.012189305209375445
WB M0.82,P2,0.65,0.04,0.02793100868911985
WB M0.82,P2,0.8,0.04,-0.0003087787317127
WB M0.82,P2,0.9,0.04,0.009868947459489796
WB M0.82,P2,0.96,0.04,0.7152643662561045
WB M0.82,P2,0.99,0.04,0.7759447382116098
WB M0.82,P3,0.2,0.01,-0.011194167582879055
WB M0.82,P3,0.44,0.01,-0.004745505579520026
WB M0.82,P3,0.65,0.01,-0.013471422515237308
WB M0.82,P3,0.8,0.01,-0.020031874117157678
WB M0.82,P3,0.9,0.01,-0.002993522864855158
WB M0.82,P3,0.96,0.01,0.019242560026859368
WB M0.82,P3,0.99,0.01,0.02041708410196924
WB M0.82,P3,0.2,0.02,-0.0073967817808487935
WB M0.82,P3,0.44,0.02,0.006658716737287351
WB M0.82,P3,0.65,0.02,0.0037551280763516437
WB M0.82,P3,0.8,0.02,-0.020416090081396387
WB M0.82,P3,0.9,0.02,-0.007286052799670095
WB M0.82,P3,0.96,0.02,0.02799890732736665
WB M0.82,P3,0.99,0.02,0.05327695091750198
WB M0.82,P3,0.2,0.04,0.02864403924007841
WB M0.82,P3,0.44,0.04,0.023478918666858584
WB M0.82,P3,0.65,0.04,0.0202924889186909
WB M0.82,P3,0.8,0.04,-0.016401194775814976
WB M0.82,P3,0.9,0.04,0.013497683571818686
WB M0.82,P3,0.96,0.04,0.035975096850522026
WB M0.82,P3,0.99,0.04,0.07617790057613369
WB M0.82,S1,0.2,0.01,-0.011194167582879055
WB M0.82,S1,0.44,0.01,0.010971923742213008
WB M0.82,S1,0.65,0.01,-0.013471422515237308
WB M0.82,S1,0.8,0.01,-0.0006025470359816709
WB M0.82,S1,0.9,0.01,0.004491239906576128
WB M0.82,S1,0.96,0.01,0.019242560026859368
WB M0.82,S1,0.99,0.01,0.7828042152503473
WB M0.82,S1,0.2,0.02,0.020767329861518746
WB M0.82,S1,0.44,0.02,0.012385290436472185
WB M0.82,S1,0.65,0.02,0.0037551280763516437
WB M0.82,S1,0.8,0.02,-0.001208585217133351
WB M0.82,S1,0.9,0.02,0.006391635305328047
WB M0.82,S1,0.96,0.02,0.02799890732736665
WB M0.82,S1,0.99,0.02,0.7833516161220834
WB M0.82,S1,0.2,0.04,0.03362671051670263
WB M0.82,S1,0.44,0.04,0.03426643453421574
WB M0.82,S1,0.65,0.04,0.0202924889186909
WB M0.82,S1,0.8,0.04,0.007543456439640883
WB M0.82,S1,0.9,0.04,0.022149779818561477
WB M0.82,S1,0.96,0.04,0.7229729421476709
WB M0.82,S1,0.99,0.04,0.7838503659493976
WB M0.82,S2,0.2,0.01,-0.011194167582879055
WB M0.82,S2,0.44,0.01,-0.004745505579520026
WB M0.82,S2,0.65,0.01,-0.013471422515237308
WB M0.82,S2,0.8,0.01,-0.020031874117157678
WB M0.82,S2,0.9,0.01,-0.002993522864855158
WB M0.82,S2,0.96,0.01,0.0071239940230492516
WB M0.82,S2,0.99,0.01,0.7828042152503473
WB M0.82,S2,0.2,0.02,0.020767329861518746
WB M0.82,S2,0.44,0.02,0.006658716737287351
WB M0.82,S2,0.65,0.02,0.0037551280763516437
WB M0.82,S2,0.8,0.02,-0.0038078280364245987
WB M0.82,S2,0.9,0.02,-0.007286052799670095
WB M0.82,S2,0.96,0.02,0.016101571250608737
WB M0.82,S2,0.99,0.02,0.7833516161220834
WB M0.82,S2,0.2,0.04,0.03362671051670263
WB M0.82,S2,0.44,0.04,0.03426643453421574
WB M0.82,S2,0.65,0.04,0.0202924889186909
WB M0.82,S2,0.8,0.04,-0.0003087787317127
WB M0.82,S2,0.9,0.04,0.009868947459489796
WB M0.82,S2,0.96,0.04,0.7229729421476709
WB M0.82,S2,0.99,0.04,0.7838503659493976
WB M0.82,S3,0.2,0.01,-0.009243362160706203
WB M0.82,S3,0.44,0.01,-0.004745505579520026
WB M0.82,S3,0.65,0.01,-0.019021767600894857
WB M0.82,S3,0.8,0.01,-0.020031874117157678
WB M0.82,S3,0.9,0.01,-0.002993522864855158
WB M0.82,S3,0.96,0.01,0.0071239940230492516
WB M0.82,S3,0.99,0.01,0.7791385933452574
WB M0.82,S3,0.2,0.02,0.006146634373612514
WB M0.82,S3,0.44,0.02,0.006658716737287351
WB M0.82,S3,0.65,0.02,-0.0034772788192437565
WB M0.82,S3,0.8,0.02,-0.0038078280364245987
WB M0.82,S3,0.9,0.02,-0.007286052799670095
WB M0.82,S3,0.96,0.02,0.016101571250608737
WB M0.82,S3,0.99,0.02,0.7797899557976052
WB M0.82,S3,0.2,0.04,0.02864403924007841
WB M0.82,S3,0.44,0.04,0.03426643453421574
WB M0.82,S3,0.65,0.04,0.0202924889186909
WB M0.82,S3,0.8,0.04,-0.0003087787317127
WB M0.82,S3,0.9,0.04,0.009868947459489796
WB M0.82,S3,0.96,0.04,0.7195924188965203
WB M0.82,S3,0.99,0.04,0.7803834274696491
WB M0.86,P0,0.2,0.01,-0.007086635409461861
WB M0.86,P0,0.44,0.01,-0.004055530150075981
WB M0.86,P0,0.65,0.01,-0.0051737281066018825
WB M0.86,P0,0.8,0.01,-0.003214307415748019
WB M0.86,P0,0.9,0.01,-0.01832739114258808
WB M0.86,P0,0.96,0.01,0.5631930887968157
WB M0.86,P0,0.99,0.01,0.5384448867858598
WB M0.86,P0,0.2,0.02,-0.004643425583015559
WB M0.86,P0,0.44,0.02,-0.004481330682395868
WB M0.86,P0,0.65,0.02,-0.0014282217659995489
WB M0.86,P0,0.8,0.02,0.0003399491156417245
WB M0.86,P0,0.9,0.02,-0.02617079112272347
WB M0.86,P0,0.96,0.02,0.5620023459340564
WB M0.86,P0,0.99,0.02,0.5401799800887142
WB M0.86,P0,0.2,0.04,-0.0034238085116199413
WB M0.86,P0,0.44,0.04,0.012745378314979794
WB M0.86,P0,0.65,0.04,0.028646549950713363
WB M0.86,P0,0.8,0.04,0.0003195671155705737
WB M0.86,P0,0.9,0.04,-0.00148120645081673
WB M0.86,P0,0.96,0.04,0.5509487491844121
WB M0.86,P0,0.99,0.04,0.5405230649751109
WB M0.86,P1,0.2,0.01,-0.014109329364024537
WB M0.86,P1,0.44,0.01,-0.010498768844921957
WB M0.86,P1,0.65,0.01,-0.0051737281066018825
WB M0.86,P1,0.8,0.01,-0.003214307415748019
WB M0.86,P1,0.9,0.01,-0.03228127821515997
WB M0.86,P1,0.96,0.01,0.02070755824043541
WB M0.86,P1,0.99,0.01,0.5337831510565141
WB M0.86,P1,0.2,0.02,-0.010355973060876322
WB M0.86,P1,0.44,0.02,-0.0015517989311477631
WB M0.86,P1,0.65,0.02,-0.0014282217659995489
WB M0.86,P1,0.8,0.02,-0.005036843951563785
WB M0.86,P1,0.9,0.02,-0.029184690334256358
WB M0.86,P1,0.96,0.02,0.036425773885518375
WB M0.86,P1,0.99,0.02,0.5343304450313334
WB M0.86,P1,0.2,0.04,-0.008991150052197083
WB M0.86,P1,0.44,0.04,0.009090044211729098
WB M0.86,P1,0.65,0.04,0.012843995327930124
WB M0.86,P1,0.8,0.04,-0.0048902249015726484
WB M0.86,P1,0.9,0.04,-0.013284496444359029
WB M0.86,P1,0.96,0.04,0.54539670674679
WB M0.86,P1,0.99,0.04,0.5348290974623491
WB M0.86,P2,0.2,0.01,-0.014109329364024537
WB M0.86,P2,0.44,0.01,-0.010498768844921957
WB M0.86,P2,0.65,0.01,-0.01360742213574162
WB M0.86,P2,0.8,0.01,-0.003214307415748019
WB M0.86,P2,0.9,0.01,-0.01832739114258808
WB M0.86,P2,0.96,0.01,0.02070755824043541
WB M0.86,P2,0.99,0.01,0.5383262333146848
WB M0.86,P2,0.2,0.02,-0.012015007143025946
WB M0.86,P2,0.44,0.02,-0.0015517989311477631
WB M0.86,P2,0.65,0.02,-0.0014282217659995489
WB M0.86,P2,0.8,0.02,-0.005036843951563785
WB M0.86,P2,0.9,0.02,-0.02617079112272347
WB M0.86,P2,0.96,0.02,0.036425773885518375
WB M0.86,P2,0.99,0.02,0.5387446798457041
WB M0.86,P2,0.2,0.04,-0.010608013526606896
WB M0.86,P2,0.44,0.04,0.009090044211729098
WB M0.86,P2,0.65,0.04,0.012843995327930124
WB M0.86,P2,0.8,0.04,-0.0048902249015726484
WB M0.86,P2,0.9,0.04,-0.015160368149018666
WB M0.86,P2,0.96,0.04,0.5495864446966618
WB M0.86,P2,0.99,0.04,0.5391259363358959
WB M0.86,P3,0.2,0.01,-0.022146317760910028
WB M0.86,P3,0.44,0.01,-0.010498768844921957
WB M0.86,P3,0.65,0.01,-0.0051737281066018825
WB M0.86,P3,0.8,0.01,-0.003214307415748019
WB M0.86,P3,0.9,0.01,-0.03228127821515997
WB M0.86,P3,0.96,0.01,0.02070755824043541
WB M0.86,P3,0.99,0.01,0.5320950674586988
WB M0.86,P3,0.2,0.02,-0.019982709083583017
WB M0.86,P3,0.44,0.02,-0.0015517989311477631
WB M0.86,P3,0.65,0.02,-0.0014282217659995489
WB M0.86,P3,0.8,0.02,-0.005036843951563785
WB M0.86,P3,0.9,0.02,-0.029184690334256358
WB M0.86,P3,0.96,0.02,0.036425773885518375
WB M0.86,P3,0.99,0.02,0.5326902375766605
WB M0.86,P3,0.2,0.04,-0.005379390502715853
WB M0.86,P3,0.44,0.04,0.0032944094073451557
WB M0.86,P3,0.65,0.04,0.00024629884991433926
WB M0.86,P3,0.8,0.04,-0.0048902249015726484
WB M0.86,P3,0.9,0.04,-0.018072912472420932
WB M0.86,P3,0.96,0.04,0.5438399161120613
WB M0.86,P3,0.99,0.04,0.5332325110893325
WB M0.86,S1,0.2,0.01,-0.014109329364024537
WB M0.86,S1,0.44,0.01,-0.010498768844921957
WB M0.86,S1,0.65,0.01,-0.0051737281066018825
WB M0.86,S1,0.8,0.01,-0.003214307415748019
WB M0.86,S1,0.9,0.01,-0.01832739114258808
WB M0.86,S1,0.96,0.01,0.5631930887968157
WB M0.86,S1,0.99,0.01,0.5362600798381377
WB M0.86,S1,0.2,0.02,-0.010355973060876322
WB M0.86,S1,0.44,0.02,-0.010833906070627952
WB M0.86,S1,0.65,0.02,-0.0014282217659995489
WB M0.86,S1,0.8,0.02,0.0003399491156417245
WB M0.86,S1,0.9,0.02,-0.02617079112272347
WB M0.86,S1,0.96,0.02,0.5620023459340564
WB M0.86,S1,0.99,0.02,0.5401799800887142
WB M0.86,S1,0.2,0.04,-0.005379390502715853
WB M0.86,S1,0.44,0.04,0.009090044211729098
WB M0.86,S1,0.65,0.04,0.012843995327930124
WB M0.86,S1,0.8,0.04,0.0003195671155705737
WB M0.86,S1,0.9,0.04,-0.009287992850102067
WB M0.86,S1,0.96,0.04,0.5509487491844121
WB M0.86,S1,0.99,0.04,0.5405230649751109
WB M0.86,S2,0.2,0.01,-0.014109329364024537
WB M0.86,S2,0.44,0.01,-0.010498768844921957
WB M0.86,S2,0.65,0.01,-0.0051737281066018825
WB M0.86,S2,0.8,0.01,-0.003214307415748019
WB M0.86,S2,0.9,0.01,-0.01832739114258808
WB M0.86,S2,0.96,0.01,0.02070755824043541
WB M0.86,S2,0.99,0.01,0.5415972944828833
WB M0.86,S2,0.2,0.02,-0.012015007143025946
WB M0.86,S2,0.44,0.02,-0.0015517989311477631
WB M0.86,S2,0.65,0.02,-0.0014282217659995489
WB M0.86,S2,0.8,0.02,-0.005036843951563785
WB M0.86,S2,0.9,0.02,-0.02617079112272347
WB M0.86,S2,0.96,0.02,0.036425773885518375
WB M0.86,S2,0.99,0.02,0.5419229696648303
WB M0.86,S2,0.2,0.04,-0.010608013526606896
WB M0.86,S2,0.44,0.04,0.009090044211729098
WB M0.86,S2,0.65,0.04,0.012843995327930124
WB M0.86,S2,0.8,0.04,-0.0048902249015726484
WB M0.86,S2,0.9,0.04,-0.015160368149018666
WB M0.86,S2,0.96,0.04,0.5526030947007654
WB M0.86,S2,0.99,0.04,0.5422196999938148
WB M0.86,S3,0.2,0.01,-0.014109329364024537
WB M0.86,S3,0.44,0.01,-0.010498768844921957
WB M0.86,S3,0.65,0.01,-0.0051737281066018825
WB M0.86,S3,0.8,0.01,-0.003214307415748019
WB M0.86,S3,0.9,0.01,-0.03228127821515997
WB M0.86,S3,0.96,0.01,0.02070755824043541
WB M0.86,S3,0.99,0.01,0.5337793819364505
WB M0.86,S3,0.2,0.02,-0.012015007143025946
WB M0.86,S3,0.44,0.02,-0.0015517989311477631
WB M0.86,S3,0.65,0.02,-0.0014282217659995489
WB M0.86,S3,0.8,0.02,0.0003399491156417245
WB M0.86,S3,0.9,0.02,-0.029184690334256358
WB M0.86,S3,0.96,0.02,0.036425773885518375
WB M0.86,S3,0.99,0.02,0.5343267828081866
WB M0.86,S3,0.2,0.04,-0.005379390502715853
WB M0.86,S3,0.44,0.04,0.009090044211729098
WB M0.86,S3,0.65,0.04,0.012843995327930124
WB M0.86,S3,0.8,0.04,0.0003195671155705737
WB M0.86,S3,0.9,0.04,-0.018072912472420932
WB M0.86,S3,0.96,0.04,0.5453932307750884
WB M0.86,S3,0.99,0.04,0.5348255326355008
WB M0.88,P0,0.2,0.01,-0.007953867377275436
WB M0.88,P0,0.44,0.01,-0.007384448956440637
WB M0.88,P0,0.65,0.01,-0.015937261906113886
WB M0.88,P0,0.8,0.01,-0.003711684836492979
WB M0.88,P0,0.9,0.01,-0.006695941585179166
WB M0.88,P0,0.96,0.01,0.4481789042130001
WB M0.88,P0,0.99,0.01,0.43010118255925933
WB M0.88,P0,0.2,0.02,-0.0037737729651361462
WB M0.88,P0,0.44,0.02,0.009593579569898814
WB M0.88,P0,0.65,0.02,-0.005269186938609227
WB M0.88,P0,0.8,0.02,0.0017566957780154047
WB M0.88,P0,0.9,0.02,-0.00023379338990847653
WB M0.88,P0,0.96,0.02,0.4469881613502408
WB M0.88,P0,0.99,0.02,0.43036071481156113
WB M0.88,P0,0.2,0.04,0.002581406525438923
WB M0.88,P0,0.44,0.04,0.008262590171637663
WB M0.88,P0,0.65,0.04,-0.0050427637745134035
WB M0.88,P0,0.8,0.04,0.020107919693015397
WB M0.88,P0,0.9,0.04,0.02474143917423799
WB M0.88,P0,0.96,0.04,0.4397396826451222
WB M0.88,P0,0.99,0.04,0.43059718075946407
WB M0.88,P1,0.2,0.01,-0.007953867377275436
WB M0.88,P1,0.44,0.01,-0.0007687532347353532
WB M0.88,P1,0.65,0.01,-0.015937261906113886
WB M0.88,P1,0.8,0.01,-0.003711684836492979
WB M0.88,P1,0.9,0.01,0.017372103618713997
WB M0.88,P1,0.96,0.01,-0.01940046232419268
WB M0.88,P1,0.99,0.01,0.42776902321397137
WB M0.88,P1,0.2,0.02,-0.0037737729651361462
WB M0.88,P1,0.44,0.02,-0.0017126119939386841
WB M0.88,P1,0.65,0.02,-0.005269186938609227
WB M0.88,P1,0.8,0.02,0.0017566957780154047
WB M0.88,P1,0.9,0.02,0.007557416453276233
WB M0.88,P1,0.96,0.02,-0.000594248840281586
WB M0.88,P1,0.99,0.02,0.4280946983959184
WB M0.88,P1,0.2,0.04,0.000678643972682913
WB M0.88,P1,0.44,0.04,-0.0013560687245193215
WB M0.88,P1,0.65,0.04,-0.0050427637745134035
WB M0.88,P1,0.8,0.04,0.010306331894406329
WB M0.88,P1,0.9,0.04,0.01567675816581826
WB M0.88,P1,0.96,0.04,0.4375889101169498
WB M0.88,P1,0.99,0.04,0.4283914287249029
WB M0.88,P2,0.2,0.01,-0.00017048579975886824
WB M0.88,P2,0.44,0.01,-0.0007687532347353532
WB M0.88,P2,0.65,0.01,-0.015937261906113886
WB M0.88,P2,0.8,0.01,-0.010872840515338877
WB M0.88,P2,0.9,0.01,-0.006695941585179166
WB M0.88,P2,0.96,0.01,-0.026515114861566103
WB M0.88,P2,0.99,0.01,0.43059770034355827
WB M0.88,P2,0.2,0.02,0.0013547349636874317
WB M0.88,P2,0.44,0.02,-0.0017126119939386841
WB M0.88,P2,0.65,0.02,-0.0031901598693683253
WB M0.88,P2,0.8,0.02,-0.013248362320039564
WB M0.88,P2,0.9,0.02,-0.00023379338990847653
WB M0.88,P2,0.96,0.02,-0.005113955017669203
WB M0.88,P2,0.99,0.02,0.4308431507360845
WB M0.88,P2,0.2,0.04,0.0010982049305693353
WB M0.88,P2,0.44,0.04,-0.0013560687245193215
WB M0.88,P2,0.65,0.04,-0.00303851177654868
WB M0.88,P2,0.8,0.04,-0.011842219594991876
WB M0.88,P2,0.9,0.04,0.01239290473388488
WB M0.88,P2,0.96,0.04,0.44019758309363854
WB M0.88,P2,0.99,0.04,0.43106678636987217
WB M0.88,P3,0.2,0.01,-0.007953867377275436
WB M0.88,P3,0.44,0.01,-0.0007687532347353532
WB M0.88,P3,0.65,0.01,0.002372140739620221
WB M0.88,P3,0.8,0.01,-0.010872840515338877
WB M0.88,P3,0.9,0.01,-0.006695941585179166
WB M0.88,P3,0.96,0.01,-0.01940046232419268
WB M0.88,P3,0.99,0.01,0.4242645774401652
WB M0.88,P3,0.2,0.02,-0.006361546488617087
WB M0.88,P3,0.44,0.02,-0.0017126119939386841
WB M0.88,P3,0.65,0.02,0.0035607576700539267
WB M0.88,P3,0.8,0.02,-0.013248362320039564
WB M0.88,P3,0.9,0.02,-0.00023379338990847653
WB M0.88,P3,0.96,0.02,-0.015280103574220272
WB M0.88,P3,0.99,0.02,0.4246896430478698
WB M0.88,P3,0.2,0.04,0.002581406525438923
WB M0.88,P3,0.44,0.04,-0.0013560687245193215
WB M0.88,P3,0.65,0.04,0.0034695997178446625
WB M0.88,P3,0.8,0.04,-0.011842219594991876
WB M0.88,P3,0.9,0.04,0.011523025431851908
WB M0.88,P3,0.96,0.04,0.4343570273075692
WB M0.88,P3,0.99,0.04,0.4250769303347306
WB M0.88,S1,0.2,0.01,-0.007953867377275436
WB M0.88,S1,0.44,0.01,-0.0007687532347353532
WB M0.88,S1,0.65,0.01,-0.015937261906113886
WB M0.88,S1,0.8,0.01,-0.003711684836492979
WB M0.88,S1,0.9,0.01,-0.006695941585179166
WB M0.88,S1,0.96,0.01,0.4481789042130001
WB M0.88,S1,0.99,0.01,0.43010118255925933
WB M0.88,S1,0.2,0.02,-0.0037737729651361462
WB M0.88,S1,0.44,0.02,-0.0017126119939386841
WB M0.88,S1,0.65,0.02,-0.005269186938609227
WB M0.88,S1,0.8,0.02,0.0017566957780154047
WB M0.88,S1,0.9,0.02,-0.00023379338990847653
WB M0.88,S1,0.96,0.02,0.4469881613502408
WB M0.88,S1,0.99,0.02,0.43036071481156113
WB M0.88,S1,0.2,0.04,0.000678643972682913
WB M0.88,S1,0.44,0.04,-0.0013560687245193215
WB M0.88,S1,0.65,0.04,-0.0050427637745134035
WB M0.88,S1,0.8,0.04,0.010306331894406329
WB M0.88,S1,0.9,0.04,0.02474143917423799
WB M0.88,S1,0.96,0.04,0.4397396826451222
WB M0.88,S1,0.99,0.04,0.43059718075946407
WB M0.88,S2,0.2,0.01,-0.007953867377275436
WB M0.88,S2,0.44,0.01,-0.0007687532347353532
WB M0.88,S2,0.65,0.01,-0.015937261906113886
WB M0.88,S2,0.8,0.01,-0.010872840515338877
WB M0.88,S2,0.9,0.01,-0.006695941585179166
WB M0.88,S2,0.96,0.01,-0.026515114861566103
WB M0.88,S2,0.99,0.01,0.42776902321397137
WB M0.88,S2,0.2,0.02,-0.0037737729651361462
WB M0.88,S2,0.44,0.02,-0.0017126119939386841
WB M0.88,S2,0.65,0.02,0.0032785884903208107
WB M0.88,S2,0.8,0.02,-0.013248362320039564
WB M0.88,S2,0.9,0.02,-0.00023379338990847653
WB M0.88,S2,0.96,0.02,-0.005113955017669203
WB M0.88,S2,0.99,0.02,0.4280946983959184
WB M0.88,S2,0.2,0.04,0.000678643972682913
WB M0.88,S2,0.44,0.04,-0.0013560687245193215
WB M0.88,S2,0.65,0.04,0.003197579141195561
WB M0.88,S2,0.8,0.04,-0.011842219594991876
WB M0.88,S2,0.9,0.04,0.01239290473388488
WB M0.88,S2,0.96,0.04,0.4375889101169498
WB M0.88,S2,0.99,0.04,0.4283914287249029
WB M0.88,S3,0.2,0.01,-0.007953867377275436
WB M0.88,S3,0.44,0.01,-0.0007687532347353532
WB M0.88,S3,0.65,0.01,-0.015937261906113886
WB M0.88,S3,0.8,0.01,-0.010872840515338877
WB M0.88,S3,0.9,0.01,-0.006695941585179166
WB M0.88,S3,0.96,0.01,-0.01940046232419268
WB M0.88,S3,0.99,0.01,0.42776902321397137
WB M0.88,S3,0.2,0.02,-0.0037737729651361462
WB M0.88,S3,0.44,0.02,-0.0017126119939386841
WB M0.88,S3,0.65,0.02,0.0032785884903208107
WB M0.88,S3,0.8,0.02,-0.013248362320039564
WB M0.88,S3,0.9,0.02,-0.013098903426416841
WB M0.88,S3,0.96,0.02,-0.015280103574220272
WB M0.88,S3,0.99,0.02,0.4280946983959184
WB M0.88,S3,0.2,0.04,0.000678643972682913
WB M0.88,S3,0.44,0.04,-0.0013560687245193215
WB M0.88,S3,0.65,0.04,0.003197579141195561
WB M0.88,S3,0.8,0.04,-0.011842219594991876
WB M0.88,S3,0.9,0.04,0.011523025431851908
WB M0.88,S3,0.96,0.04,0.4375889101169498
WB M0.88,S3,0.99,0.04,0.4283914287249029
WB xcoarse,P0,0.2,0.01,-0.01049274200520478
WB xcoarse,P0,0.44,0.01,-0.049776280233098436
WB xcoarse,P0,0.65,0.01,-0.013384556250832014
WB xcoarse,P0,0.8,0.01,-0.00798269419299058
WB xcoarse,P0,0.9,0.01,-0.024404008446178183
WB xcoarse,P0,0.96,0.01,0.4826576140149089
WB xcoarse,P0,0.99,0.01,0.4287480671924251
WB xcoarse,P0,0.2,0.02,-0.01049274200520478
WB xcoarse,P0,0.44,0.02,-0.02723247486889291
WB xcoarse,P0,0.65,0.02,-0.019182362618126114
WB xcoarse,P0,0.8,0.02,-0.012469833463029989
WB xcoarse,P0,0.9,0.02,0.00580942769212156
WB xcoarse,P0,0.96,0.02,0.48037439873474774
WB xcoarse,P0,0.99,0.02,0.4360123405001127
WB xcoarse,P0,0.2,0.04,-0.008175095324420512
WB xcoarse,P0,0.44,0.04,-0.01574767445193348
WB xcoarse,P0,0.65,0.04,0.002526351048354858
WB xcoarse,P0,0.8,0.04,-0.0013209585639955002
WB xcoarse,P0,0.9,0.04,0.02675163503194322
WB xcoarse,P0,0.96,0.04,0.45892573987557483
WB xcoarse,P0,0.99,0.04,0.4378020426145399
WB xcoarse,P1,0.2,0.01,-0.03970156483198295
WB xcoarse,P1,0.44,0.01,-0.049776280233098436
WB xcoarse,P1,0.65,0.01,-0.013384556250832014
WB xcoarse,P1,0.8,0.01,-0.00798269419299058
WB xcoarse,P1,0.9,0.01,-0.024404008446178183
WB xcoarse,P1,0.96,0.01,0.0031568726577118067
WB xcoarse,P1,0.99,0.01,0.4287480671924251
WB xcoarse,P1,0.2,0.02,-0.023125018526388263
WB xcoarse,P1,0.44,0.02,-0.0014153509427837774
WB xcoarse,P1,0.65,0.02,-0.019182362618126114
WB xcoarse,P1,0.8,0.02,-0.012469833463029989
WB xcoarse,P1,0.9,0.02,-0.012026306561565225
WB xcoarse,P1,0.96,0.02,0.46272816854127286
WB xcoarse,P1,0.99,0.02,0.4272566224074762
WB xcoarse,P1,0.2,0.04,-0.011980839565031598
WB xcoarse,P1,0.44,0.04,-0.0028636404622567335
WB xcoarse,P1,0.65,0.04,0.002526351048354858
WB xcoarse,P1,0.8,0.04,-0.0013209585639955002
WB xcoarse,P1,0.9,0.04,-0.0038855517072898804
WB xcoarse,P1,0.96,0.04,0.4508004250244645
WB xcoarse,P1,0.99,0.04,0.4295794940467732
WB xcoarse,P2,0.2,0.01,-0.03970156483198295
WB xcoarse,P2,0.44,0.01,-0.049776280233098436
WB xcoarse,P2,0.65,0.01,-0.03742077850192449
WB xcoarse,P2,0.8,0.01,-0.06237493397667404
WB xcoarse,P2,0.9,0.01,-0.024404008446178183
WB xcoarse,P2,0.96,0.01,-0.031875050290470386
WB xcoarse,P2,0.99,0.01,0.4246581348517877
WB xcoarse,P2,0.2,0.02,-0.023125018526388263
WB xcoarse,P2,0.44,0.02,-0.0014153509427837774
WB xcoarse,P2,0.65,0.02,-0.029214568368629235
WB xcoarse,P2,0.8,0.02,-0.0015766344009561228
WB xcoarse,P2,0.9,0.02,-0.012026306561565225
WB xcoarse,P2,0.96,0.02,0.46272816854127286
WB xcoarse,P2,0.99,0.02,0.423233388411673
WB xcoarse,P2,0.2,0.04,-0.011980839565031598
WB xcoarse,P2,0.44,0.04,-0.0028636404622567335
WB xcoarse,P2,0.65,0.04,0.002526351048354858
WB xcoarse,P2,0.8,0.04,0.009087572391115795
WB xcoarse,P2,0.9,0.04,-0.0038855517072898804
WB xcoarse,P2,0.96,0.04,0.4470668599884815
WB xcoarse,P2,0.99,0.04,0.42580125032307414
WB xcoarse,P3,0.2,0.01,-0.03970156483198295
WB xcoarse,P3,0.44,0.01,-0.049776280233098436
WB xcoarse,P3,0.65,0.01,-0.03742077850192449
WB xcoarse,P3,0.8,0.01,-0.06237493397667404
WB xcoarse,P3,0.9,0.01,-0.058571010300756066
WB xcoarse,P3,0.96,0.01,0.0031568726577118067
WB xcoarse,P3,0.99,0.01,0.4246581348517877
WB xcoarse,P3,0.2,0.02,-0.023125018526388263
WB xcoarse,P3,0.44,0.02,-0.02723247486889291
WB xcoarse,P3,0.65,0.02,-0.02100674916571532
WB xcoarse,P3,0.8,0.02,-0.02641664977501834
WB xcoarse,P3,0.9,0.02,-0.045027248275991805
WB xcoarse,P3,0.96,0.02,0.0002281776957060444
WB xcoarse,P3,0.99,0.02,0.423233388411673
WB xcoarse,P3,0.2,0.04,-0.022748306612950464
WB xcoarse,P3,0.44,0.04,-0.01574767445193348
WB xcoarse,P3,0.65,0.04,-0.012448948694723905
WB xcoarse,P3,0.8,0.04,-0.014647243017384182
WB xcoarse,P3,0.9,0.04,-0.02267500716929438
WB xcoarse,P3,0.96,0.04,0.4470668599884815
WB xcoarse,P3,0.99,0.04,0.42580125032307414
WB xcoarse,S1,0.2,0.01,-0.03970156483198295
WB xcoarse,S1,0.44,0.01,-0.049776280233098436
WB xcoarse,S1,0.65,0.01,-0.013384556250832014
WB xcoarse,S1,0.8,0.01,-0.00798269419299058
WB xcoarse,S1,0.9,0.01,-0.024404008446178183
WB xcoarse,S1,0.96,0.01,0.0031568726577118067
WB xcoarse,S1,0.99,0.01,0.4287480671924251
WB xcoarse,S1,0.2,0.02,-0.023125018526388263
WB xcoarse,S1,0.44,0.02,-0.02723247486889291
WB xcoarse,S1,0.65,0.02,-0.019182362618126114
WB xcoarse,S1,0.8,0.02,-0.012469833463029989
WB xcoarse,S1,0.9,0.02,-0.012026306561565225
WB xcoarse,S1,0.96,0.02,0.48392342951431633
WB xcoarse,S1,0.99,0.02,0.43970153080743524
WB xcoarse,S1,0.2,0.04,-0.011980839565031598
WB xcoarse,S1,0.44,0.04,-0.01574767445193348
WB xcoarse,S1,0.65,0.04,0.002526351048354858
WB xcoarse,S1,0.8,0.04,-0.0013209585639955002
WB xcoarse,S1,0.9,0.04,0.0044837082513969895
WB xcoarse,S1,0.96,0.04,0.4623493120458425
WB xcoarse,S1,0.99,0.04,0.44126658386138573
WB xcoarse,S2,0.2,0.01,-0.03970156483198295
WB xcoarse,S2,0.44,0.01,-0.049776280233098436
WB xcoarse,S2,0.65,0.01,-0.013384556250832014
WB xcoarse,S2,0.8,0.01,-0.00798269419299058
WB xcoarse,S2,0.9,0.01,-0.024404008446178183
WB xcoarse,S2,0.96,0.01,-0.031875050290470386
WB xcoarse,S2,0.99,0.01,0.4287480671924251
WB xcoarse,S2,0.2,0.02,-0.023125018526388263
WB xcoarse,S2,0.44,0.02,-0.02723247486889291
WB xcoarse,S2,0.65,0.02,-0.019182362618126114
WB xcoarse,S2,0.8,0.02,-0.012469833463029989
WB xcoarse,S2,0.9,0.02,-0.012026306561565225
WB xcoarse,S2,0.96,0.02,0.46272816854127286
WB xcoarse,S2,0.99,0.02,0.4272566224074762
WB xcoarse,S2,0.2,0.04,-0.014385344826588486
WB xcoarse,S2,0.44,0.04,-0.01574767445193348
WB xcoarse,S2,0.65,0.04,0.002526351048354858
WB xcoarse,S2,0.8,0.04,-0.0013209585639955002
WB xcoarse,S2,0.9,0.04,-0.0038855517072898804
WB xcoarse,S2,0.96,0.04,0.4508004250244645
WB xcoarse,S2,0.99,0.04,0.4295794940467732
WB xcoarse,S3,0.2,0.01,-0.03970156483198295
WB xcoarse,S3,0.44,0.01,-0.049776280233098436
WB xcoarse,S3,0.65,0.01,-0.03742077850192449
WB xcoarse,S3,0.8,0.01,-0.06237493397667404
WB xcoarse,S3,0.9,0.01,-0.058571010300756066
WB xcoarse,S3,0.96,0.01,-0.031875050290470386
WB xcoarse,S3,0.99,0.01,0.4246581348517877
WB xcoarse,S3,0.2,0.02,-0.023125018526388263
WB xcoarse,S3,0.44,0.02,-0.02723247486889291
WB xcoarse,S3,0.65,0.02,-0.029214568368629235
WB xcoarse,S3,0.8,0.02,-0.02641664977501834
WB xcoarse,S3,0.9,0.02,-0.045027248275991805
WB xcoarse,S3,0.96,0.02,-0.024078283013946655
WB xcoarse,S3,0.99,0.02,0.423233388411673
WB xcoarse,S3,0.2,0.04,-0.022748306612950464
WB xcoarse,S3,0.44,0.04,-0.01574767445193348
WB xcoarse,S3,0.65,0.04,-0.012448948694723905
WB xcoarse,S3,0.8,0.04,-0.014647243017384182
WB xcoarse,S3,0.9,0.04,-0.02267500716929438
WB xcoarse,S3,0.96,0.04,0.4470668599884815
WB xcoarse,S3,0.99,0.04,0.42580125032307414
WB medium,P0,0.2,0.01,-0.009597250744347807
WB medium,P0,0.44,0.01,-0.008046160236137023
WB medium,P0,0.65,0.01,0.001607987498686847
WB medium,P0,0.8,0.01,0.00046086887155571965
WB medium,P0,0.9,0.01,0.005511133617041253
WB medium,P0,0.96,0.01,0.485138939981009
WB medium,P0,0.99,0.01,0.47903954098583723
WB medium,P0,0.2,0.02,-0.006699711293244648
WB medium,P0,0.44,0.02,-0.006224856336718876
WB medium,P0,0.65,0.02,0.0005048322280146733
WB medium,P0,0.8,0.02,0.0027370759022274926
WB medium,P0,0.9,0.02,0.011728492310815741
WB medium,P0,0.96,0.02,0.48740253587763704
WB medium,P0,0.99,0.02,0.4790952886518913
WB medium,P0,0.2,0.04,-0.011960635524171703
WB medium,P0,0.44,0.04,0.01366042987639593
WB medium,P0,0.65,0.04,0.008528790983339807
WB medium,P0,0.8,0.04,0.012191979839200728
WB medium,P0,0.9,0.04,0.048886235979481274
WB medium,P0,0.96,0.04,0.48467590570071273
WB medium,P0,0.99,0.04,0.4791623018232313
WB medium,P1,0.2,0.01,-0.009597250744347807
WB medium,P1,0.44,0.01,5.9687504014749315e-05
WB medium,P1,0.65,0.01,-0.0015751299398484297
WB medium,P1,0.8,0.01,0.001624585878437057
WB medium,P1,0.9,0.01,0.0010416054594576396
WB medium,P1,0.96,0.01,0.48340890316347773
WB medium,P1,0.99,0.01,0.47903954098583723
WB medium,P1,0.2,0.02,-0.006699711293244648
WB medium,P1,0.44,0.02,0.0025658102470372812
WB medium,P1,0.65,0.02,-0.0012599054190465253
WB medium,P1,0.8,0.02,0.003875729243353221
WB medium,P1,0.9,0.02,0.011535867850441806
WB medium,P1,0.96,0.02,0.48670025625246216
WB medium,P1,0.99,0.02,0.4790952886518913
WB medium,P1,0.2,0.04,-0.009585001557807393
WB medium,P1,0.44,0.04,0.0082473260352518
WB medium,P1,0.65,0.04,0.008528790983339807
WB medium,P1,0.8,0.04,0.010180688143621053
WB medium,P1,0.9,0.04,0.03260076543435886
WB medium,P1,0.96,0.04,0.48467590570071273
WB medium,P1,0.99,0.04,0.4791623018232313
WB medium,P2,0.2,0.01,-0.003815444614357566
WB medium,P2,0.44,0.01,-0.008046160236137023
WB medium,P2,0.65,0.01,-0.003928046218714232
WB medium,P2,0.8,0.01,-0.0018832166726107102
WB medium,P2,0.9,0.01,0.005511133617041253
WB medium,P2,0.96,0.01,0.4706937878195445
WB medium,P2,0.99,0.01,0.4797294580260141
WB medium,P2,0.2,0.02,-0.004350606156746428
WB medium,P2,0.44,0.02,0.0025658102470372812
WB medium,P2,0.65,0.02,-0.0012599054190465253
WB medium,P2,0.8,0.02,0.0004434763234922867
WB medium,P2,0.9,0.02,0.014373247118922072
WB medium,P2,0.96,0.02,0.4860316882586907
WB medium,P2,0.99,0.02,0.47977224322614187
WB medium,P2,0.2,0.04,-0.009585001557807393
WB medium,P2,0.44,0.04,0.01366042987639593
WB medium,P2,0.65,0.04,0.008528790983339807
WB medium,P2,0.8,0.04,0.012191979839200728
WB medium,P2,0.9,0.04,0.03260076543435886
WB medium,P2,0.96,0.04,0.4853099026599377
WB medium,P2,0.99,0.04,0.4798236744725046
WB medium,P3,0.2,0.01,-0.009597250744347807
WB medium,P3,0.44,0.01,5.9687504014749315e-05
WB medium,P3,0.65,0.01,-0.0015751299398484297
WB medium,P3,0.8,0.01,-0.002364758064304695
WB medium,P3,0.9,0.01,0.004026429461554404
WB medium,P3,0.96,0.01,0.4706937878195445
WB medium,P3,0.99,0.01,0.47903954098583723
WB medium,P3,0.2,0.02,-0.006699711293244648
WB medium,P3,0.44,0.02,0.0025658102470372812
WB medium,P3,0.65,0.02,-0.0012599054190465253
WB medium,P3,0.8,0.02,-2.7693824662611277e-05
WB medium,P3,0.9,0.02,0.014373247118922072
WB medium,P3,0.96,0.02,0.4860316882586907
WB medium,P3,0.99,0.02,0.4790952886518913
WB medium,P3,0.2,0.04,-0.009585001557807393
WB medium,P3,0.44,0.04,0.01366042987639593
WB medium,P3,0.65,0.04,0.0074353654902458155
WB medium,P3,0.8,0.04,0.012191979839200728
WB medium,P3,0.9,0.04,0.03260076543435886
WB medium,P3,0.96,0.04,0.48467590570071273
WB medium,P3,0.99,0.04,0.4791623018232313
WB medium,S1,0.2,0.01,-0.009597250744347807
WB medium,S1,0.44,0.01,5.9687504014749315e-05
WB medium,S1,0.65,0.01,-0.0015751299398484297
WB medium,S1,0.8,0.01,0.00046086887155571965
WB medium,S1,0.9,0.01,-0.00041225783386655834
WB medium,S1,0.96,0.01,0.4799115409702088
WB medium,S1,0.99,0.01,0.47713742291010397
WB medium,S1,0.2,0.02,-0.006699711293244648
WB medium,S1,0.44,0.02,0.0025658102470372812
WB medium,S1,0.65,0.02,-0.0012599054190465253
WB medium,S1,0.8,0.02,0.0027370759022274926
WB medium,S1,0.9,0.02,0.011535867850441806
WB medium,S1,0.96,0.02,0.48740253587763704
WB medium,S1,0.99,0.02,0.4772289084102871
WB medium,S1,0.2,0.04,-0.009585001557807393
WB medium,S1,0.44,0.04,0.0082473260352518
WB medium,S1,0.65,0.04,0.008528790983339807
WB medium,S1,0.8,0.04,0.008552390354033323
WB medium,S1,0.9,0.04,0.03260076543435886
WB medium,S1,0.96,0.04,0.48292796064953347
WB medium,S1,0.99,0.04,0.47733888132812985
WB medium,S2,0.2,0.01,-0.009597250744347807
WB medium,S2,0.44,0.01,-0.008046160236137023
WB medium,S2,0.65,0.01,-0.0015751299398484297
WB medium,S2,0.8,0.01,0.00046086887155571965
WB medium,S2,0.9,0.01,0.0025263096149444886
WB medium,S2,0.96,0.01,0.4706937878195445
WB medium,S2,0.99,0.01,0.47903954098583723
WB medium,S2,0.2,0.02,-0.006699711293244648
WB medium,S2,0.44,0.02,0.0025658102470372812
WB medium,S2,0.65,0.02,-0.0012599054190465253
WB medium,S2,0.8,0.02,0.0027370759022274926
WB medium,S2,0.9,0.02,0.011535867850441806
WB medium,S2,0.96,0.02,0.4860316882586907
WB medium,S2,0.99,0.02,0.4790952886518913
WB medium,S2,0.2,0.04,-0.009585001557807393
WB medium,S2,0.44,0.04,0.0082473260352518
WB medium,S2,0.65,0.04,0.008528790983339807
WB medium,S2,0.8,0.04,0.012191979839200728
WB medium,S2,0.9,0.04,0.03260076543435886
WB medium,S2,0.96,0.04,0.48467590570071273
WB medium,S2,0.99,0.04,0.4791623018232313
WB medium,S3,0.2,0.01,-0.009597250744347807
WB medium,S3,0.44,0.01,-0.008046160236137023
WB medium,S3,0.65,0.01,-0.0015751299398484297
WB medium,S3,0.8,0.01,0.00046086887155571965
WB medium,S3,0.9,0.01,0.004026429461554404
WB medium,S3,0.96,0.01,0.001864974140486031
WB medium,S3,0.99,0.01,0.4797294580260141
WB medium,S3,0.2,0.02,-0.007387285190917137
WB medium,S3,0.44,0.02,0.0025658102470372812
WB medium,S3,0.65,0.02,-0.0012599054190465253
WB medium,S3,0.8,0.02,0.0027370759022274926
WB medium,S3,0.9,0.02,0.014373247118922072
WB medium,S3,0.96,0.02,0.4860316882586907
WB medium,S3,0.99,0.02,0.47977224322614187
WB medium,S3,0.2,0.04,-0.009585001557807393
WB medium,S3,0.44,0.04,0.0082473260352518
WB medium,S3,0.65,0.04,0.008528790983339807
WB medium,S3,0.8,0.04,0.012191979839200728
WB medium,S3,0.9,0.04,0.02079189997864528
WB medium,S3,0.96,0.04,0.4853099026599377
WB medium,S3,0.99,0.04,0.4798236744725046
