leg,start,nx,h,n_dof,n_tets,C,converged,reason,n_newton,wall_s,res_exact,res_final,x_shock,err_x,err_cells,n_supersonic_bins,massflux_min,massflux_max,massflux_defect_L1
regular,exact,100,0.2,1414,3600,1.0,True,tol,4,0.08,3.5814571454197474e-12,3.5814571454197474e-12,11.90009,-0.09991,-0.5,30,1.26718,2.00257,15.468428
regular,exact,100,0.2,1414,3600,1.5,True,tol,5,0.05,1.793271651860056e-15,1.793271651860056e-15,11.86985,-0.13015,-0.651,29,1.26803,2.0039,15.492024
regular,exact,100,0.2,1414,3600,2.0,True,tol,5,0.03,2.4663124891308106e-15,2.4663124891308106e-15,11.84639,-0.15361,-0.768,29,1.26893,2.00532,15.517193
regular,exact,100,0.2,1414,3600,3.0,True,tol,5,0.03,7.928625194376157e-15,7.928625194376157e-15,11.81291,-0.18709,-0.935,29,1.2709,2.00845,15.572572
regular,exact,200,0.1,5226,14400,1.0,True,tol,13,0.34,1.2951636104088333e-12,1.2951636104088333e-12,11.94494,-0.05506,-0.551,58,1.25856,2.00122,15.444713
regular,exact,200,0.1,5226,14400,1.5,True,tol,5,0.1,1.2377439418292371e-12,1.2377439418292371e-12,11.93155,-0.06845,-0.684,58,1.25894,2.00182,15.455485
regular,exact,200,0.1,5226,14400,2.0,True,tol,5,0.11,1.2685152269960556e-15,1.2685152269960556e-15,11.91956,-0.08044,-0.804,58,1.25934,2.00245,15.466563
regular,exact,200,0.1,5226,14400,3.0,True,tol,5,0.11,1.1055530416449933e-13,1.1055530416449933e-13,11.8962,-0.1038,-1.038,59,1.26016,2.00377,15.489869
regular,exact,400,0.05,20852,60000,1.0,False,cap,80,10.63,6.206444159927974e-09,6.206444159927974e-09,11.96726,-0.03274,-0.655,118,1.25428,2.0006,15.433748
regular,exact,400,0.05,20852,60000,1.5,False,cap,80,10.86,1.885416407799065e-08,1.885416407799065e-08,11.96161,-0.03839,-0.768,117,1.25446,2.00089,15.438913
regular,exact,400,0.05,20852,60000,2.0,False,cap,80,11.0,9.517093010383191e-09,9.517093010383191e-09,11.95546,-0.04454,-0.891,118,1.25465,2.00118,15.444128
regular,exact,400,0.05,20852,60000,3.0,False,cap,80,10.06,5.911255911633399e-09,5.911255911633399e-09,11.94373,-0.05627,-1.125,118,1.25502,2.00178,15.454769
irregular,exact,100,0.2,1414,3600,1.0,True,tol,4,0.04,7.51339478622354e-12,7.51339478622354e-12,11.88722,-0.11278,-0.564,28,1.26733,2.00263,15.472528
irregular,exact,100,0.2,1414,3600,1.5,True,tol,5,0.04,2.312329415200548e-15,2.312329415200548e-15,11.85862,-0.14138,-0.707,29,1.26819,2.00399,15.49705
irregular,exact,100,0.2,1414,3600,2.0,True,tol,5,0.04,1.918302546118557e-15,1.918302546118557e-15,11.83309,-0.16691,-0.835,29,1.26911,2.00543,15.522967
irregular,exact,100,0.2,1414,3600,3.0,True,tol,5,0.03,3.868389477710768e-14,3.868389477710768e-14,11.79508,-0.20492,-1.025,29,1.27114,2.00858,15.579761
irregular,exact,200,0.1,5226,14400,1.0,True,tol,4,0.11,7.0602978523546376e-12,7.0602978523546376e-12,11.94079,-0.05921,-0.592,58,1.25896,2.00127,15.446011
irregular,exact,200,0.1,5226,14400,1.5,False,cap,80,2.18,2.336686022201286e-05,2.336686022201286e-05,11.92698,-0.07302,-0.73,58,1.25935,2.00189,15.456925
irregular,exact,200,0.1,5226,14400,2.0,True,tol,5,0.12,9.983915580717712e-13,9.983915580717712e-13,11.91431,-0.08569,-0.857,58,1.25975,2.00253,15.46832
irregular,exact,200,0.1,5226,14400,3.0,True,tol,6,0.13,1.2054240875900872e-15,1.2054240875900872e-15,11.89016,-0.10984,-1.098,59,1.2606,2.00388,15.492109
irregular,exact,400,0.05,20852,60000,1.0,False,cap,80,11.17,1.610591486207189e-06,1.610591486207189e-06,11.96522,-0.03478,-0.696,117,1.25425,2.0006,15.434357
irregular,exact,400,0.05,20852,60000,1.5,True,tol,5,0.6,1.2519616030839417e-15,1.2519616030839417e-15,11.95883,-0.04117,-0.823,117,1.25444,2.0009,15.439732
irregular,exact,400,0.05,20852,60000,2.0,True,tol,5,0.6,2.7551501565538957e-13,2.7551501565538957e-13,11.95239,-0.04761,-0.952,117,1.25463,2.00121,15.445132
irregular,exact,400,0.05,20852,60000,3.0,False,cap,80,11.83,1.3224818980104549e-05,1.3224818980104549e-05,11.94014,-0.05986,-1.197,118,1.25502,2.00182,15.456028
regular,perturbed,200,0.1,5226,14400,1.0,True,tol,23,0.43,3.3383059450943903e-12,3.3383059450943903e-12,8.02735,-3.97265,-39.726,20,1.25856,2.00122,15.444713
regular,perturbed,200,0.1,5226,14400,1.5,True,tol,20,0.37,9.177540209532847e-13,9.177540209532847e-13,7.98275,-4.01725,-40.173,20,1.25894,2.00182,15.455389
regular,perturbed,200,0.1,5226,14400,2.0,True,tol,20,0.36,1.2221406893283637e-15,1.2221406893283637e-15,7.94887,-4.05113,-40.511,19,1.2593,2.00239,15.465572
regular,perturbed,200,0.1,5226,14400,3.0,True,tol,18,0.36,4.872565885791397e-13,4.872565885791397e-13,7.89651,-4.10349,-41.035,19,1.25987,2.0033,15.481635
irregular,perturbed,200,0.1,5226,14400,1.0,True,tol,18,0.35,1.2255172279017656e-15,1.2255172279017656e-15,8.4117,-3.5883,-35.883,24,1.25896,2.00127,15.446751
irregular,perturbed,200,0.1,5226,14400,1.5,True,tol,15,0.28,1.2941776836281875e-15,1.2941776836281875e-15,8.376,-3.624,-36.24,24,1.25935,2.00189,15.457708
irregular,perturbed,200,0.1,5226,14400,2.0,True,tol,14,0.27,1.2144559770542817e-15,1.2144559770542817e-15,8.3455,-3.6545,-36.545,23,1.25975,2.00252,15.468809
irregular,perturbed,200,0.1,5226,14400,3.0,True,tol,13,0.25,1.6781791538313672e-14,1.6781791538313672e-14,8.29403,-3.70597,-37.06,23,1.26047,2.00367,15.48911
