state,arm,eta,x_percell,x_subcell
W M0.76,P0,0.2,0.13970839176678512,0.13971005292818917
W M0.76,P0,0.44,0.19642665781655244,0.19654535411690488
W M0.76,P0,0.65,0.23954803179074832,0.2411898256764433
W M0.76,P0,0.8,0.9783472120176484,0.9795693699416724
W M0.76,P0,0.9,0.2506719044554258,0.25085391398878953
W M0.76,P0,0.96,0.9856717028026137,0.9858357585807929
W M0.76,P0,0.99,0.9785004028722927,0.9785084566954448
W M0.76,P1,0.44,0.23006894584466106,0.23012184817245004
W M0.76,P1,0.65,0.20234678999021552,0.20423019162594294
W M0.76,P1,0.8,0.21445345855822417,0.2145569569182678
W M0.76,P1,0.9,0.21397731049088595,0.21423320512439384
W M0.76,P1,0.96,0.17447455675457713,0.17458660543670895
W M0.76,P1,0.99,0.9692655512600036,0.9692682656213736
W M0.76,P2,0.44,0.1957220126902602,0.19637399742097897
W M0.76,P2,0.65,0.2049208356173386,0.2049793973933561
W M0.76,P2,0.8,0.2327824732053585,0.23280380836248923
W M0.76,P2,0.9,0.22957780078478493,0.2300592905566198
W M0.76,P2,0.96,0.1722471416456167,0.17226606429269922
W M0.76,P2,0.99,0.13302799654908362,0.13311540566591276
W M0.76,P3,0.44,0.19642665781655244,0.19652180541548153
W M0.76,P3,0.65,0.2120284922507321,0.21204782377079184
W M0.76,P3,0.8,0.20065445610080168,0.20071126069375342
W M0.76,P3,0.9,0.18633056684093277,0.1864226368597563
W M0.76,P3,0.96,0.1722471416456167,0.17234269939632807
W M0.76,P3,0.99,0.13620219923635102,0.13621834841953825
W M0.76,S1,0.2,0.11172510869091917,0.11172664242131636
W M0.76,S1,0.44,0.19642665781655244,0.19646291016343884
W M0.76,S1,0.65,0.2120284922507321,0.21203941417267394
W M0.76,S1,0.8,0.1995043715365141,0.20056011573337898
W M0.76,S1,0.9,0.2506719044554258,0.2507020004977258
W M0.76,S1,0.96,0.9856717028026137,0.9857224489966137
W M0.76,S1,0.99,0.9753346931603681,0.9753766013347944
W M0.76,S2,0.44,0.1957220126902602,0.19641274113443463
W M0.76,S2,0.65,0.2049208356173386,0.20496043191573607
W M0.76,S2,0.8,0.1995043715365141,0.2005999865072682
W M0.76,S2,0.9,0.21397731049088595,0.21415340641076244
W M0.76,S2,0.96,0.17447455675457713,0.17451396316858622
W M0.76,S2,0.99,0.13317430251434,0.13326933982357833
W M0.76,S3,0.44,0.19642665781655244,0.1964552280255284
W M0.76,S3,0.65,0.20234678999021552,0.20393817406544448
W M0.76,S3,0.8,0.1995043715365141,0.20044180750789076
W M0.76,S3,0.9,0.19525172430084126,0.19528997983566027
W M0.76,S3,0.96,0.1639735940101274,0.16524816303650183
W M0.76,S3,0.99,0.13016319441593138,0.1302509058760784
W M0.78,P0,0.2,0.3972202766165634,0.3972903807175909
W M0.78,P0,0.44,0.42080969343746993,0.4208339662024099
W M0.78,P0,0.65,0.37764590801220843,0.3776523253832969
W M0.78,P0,0.8,0.9783472120176484,0.9796365615994825
W M0.78,P0,0.9,0.2589153628639305,0.2589297443515262
W M0.78,P0,0.96,0.9856717028026137,0.9858599186642973
W M0.78,P0,0.99,0.9785004028722927,0.9785128731181678
W M0.78,P1,0.2,0.3972202766165634,0.39722401683287223
W M0.78,P1,0.44,0.37901902906025664,0.37901916383515627
W M0.78,P1,0.65,0.3462534265694207,0.34627308262000894
W M0.78,P1,0.8,0.2857509785347183,0.28590280334877427
W M0.78,P1,0.9,0.27108494588532045,0.27192186047190686
W M0.78,P1,0.96,0.20228103212804013,0.20235392921030265
W M0.78,P1,0.99,0.9738007765786793,0.9738496587269772
W M0.78,P2,0.2,0.39688188025271726,0.397053619494263
W M0.78,P2,0.44,0.37901902906025664,0.37901968085316395
W M0.78,P2,0.65,0.3309865929536707,0.33099162495280493
W M0.78,P2,0.8,0.3059953267734766,0.30616959483029227
W M0.78,P2,0.9,0.27108494588532045,0.2722400752841103
W M0.78,P2,0.96,0.20228103212804013,0.20230928791719646
W M0.78,P2,0.99,0.1561843297661347,0.15626014680671008
W M0.78,P3,0.44,0.36229787403012437,0.36249286332026265
W M0.78,P3,0.65,0.3309865929536707,0.33099613519972304
W M0.78,P3,0.8,0.2857509785347183,0.2857721330531209
W M0.78,P3,0.9,0.2589153628639305,0.2589156660570613
W M0.78,P3,0.96,0.20228103212804013,0.2022903191594581
W M0.78,P3,0.99,0.1561843297661347,0.15622783967051218
W M0.78,S1,0.2,0.3972202766165634,0.39724185964317493
W M0.78,S1,0.44,0.36229787403012437,0.36375586372728064
W M0.78,S1,0.65,0.3500874510560189,0.3503143541234421
W M0.78,S1,0.8,0.2857509785347183,0.28589774104642646
W M0.78,S1,0.9,0.27108494588532045,0.27144767541425363
W M0.78,S1,0.96,0.9856717028026137,0.985758637196251
W M0.78,S1,0.99,0.9785004028722927,0.9785064645729581
W M0.78,S2,0.2,0.15438483005628267,0.15526111272969306
W M0.78,S2,0.44,0.36229787403012437,0.36231422105111555
W M0.78,S2,0.65,0.32629112206342586,0.32631772859225217
W M0.78,S2,0.8,0.2857509785347183,0.2858092708359043
W M0.78,S2,0.9,0.2506719044554258,0.251299413163616
W M0.78,S2,0.96,0.20228103212804013,0.2023228103833557
W M0.78,S2,0.99,0.1561843297661347,0.1562372805715591
W M0.78,S3,0.44,0.329806977351343,0.3298184228758443
W M0.78,S3,0.65,0.3309865929536707,0.33099532639619694
W M0.78,S3,0.8,0.2857509785347183,0.28577700398036376
W M0.78,S3,0.9,0.2506719044554258,0.25128616026443
W M0.78,S3,0.96,0.20228103212804013,0.2022933401208216
W M0.78,S3,0.99,0.1561843297661347,0.15622593648573002
W M0.80,P0,0.2,0.5570595183598465,0.557072890061106
W M0.80,P0,0.44,0.4969772627907579,0.4975304280324028
W M0.80,P0,0.65,0.45265681488503884,0.4526792232640425
W M0.80,P0,0.8,0.9783472120176484,0.9796997476115028
W M0.80,P0,0.9,0.3348532756083735,0.3355360886221203
W M0.80,P0,0.96,0.9856717028026137,0.9858832497994784
W M0.80,P0,0.99,0.9811729250069775,0.9812030659537351
W M0.80,P1,0.2,0.54076169060975,0.5408047544018976
W M0.80,P1,0.44,0.4969772627907579,0.49837907432702494
W M0.80,P1,0.65,0.4524529411303098,0.45245850025663714
W M0.80,P1,0.8,0.37766694670288886,0.37892480998929795
W M0.80,P1,0.9,0.33435548768170376,0.3344638209966702
W M0.80,P1,0.96,0.9856717028026137,0.9857046867235786
W M0.80,P1,0.99,0.9738007765786793,0.9739027916962588
W M0.80,P2,0.2,0.5400553450861556,0.5400558657381997
W M0.80,P2,0.44,0.4702052458186443,0.47030155032458076
W M0.80,P2,0.65,0.42215031411149917,0.42254562089609427
W M0.80,P2,0.8,0.37766694670288886,0.37791573173957044
W M0.80,P2,0.9,0.31291896755806053,0.312946911030979
W M0.80,P2,0.96,0.2261231384956011,0.22643094925129836
W M0.80,P2,0.99,0.9681209873524655,0.9681423679009721
W M0.80,P3,0.2,0.5400553450861556,0.5400560511444344
W M0.80,P3,0.44,0.4746372935502178,0.4750155030781564
W M0.80,P3,0.65,0.43491516932948326,0.43495432452018323
W M0.80,P3,0.8,0.364595778816783,0.36463122572466355
W M0.80,P3,0.9,0.31291896755806053,0.31292756860275395
W M0.80,P3,0.96,0.2261231384956011,0.22612511549162886
W M0.80,P3,0.99,0.18871062489106002,0.1887155736092094
W M0.80,S1,0.2,0.54076169060975,0.5408106351556636
W M0.80,S1,0.44,0.4969772627907579,0.49777295222357865
W M0.80,S1,0.65,0.4524529411303098,0.45246434548973574
W M0.80,S1,0.8,0.364595778816783,0.36484332025044924
W M0.80,S1,0.9,0.3348532756083735,0.33501226011371865
W M0.80,S1,0.96,0.9856717028026137,0.9857942166534123
W M0.80,S1,0.99,0.9785004028722927,0.9785135934251695
W M0.80,S2,0.2,0.5400553450861556,0.5400566507633165
W M0.80,S2,0.44,0.4746372935502178,0.47525450817575854
W M0.80,S2,0.65,0.43491516932948326,0.4350312454667747
W M0.80,S2,0.8,0.364595778816783,0.36467843047568943
W M0.80,S2,0.9,0.3348532756083735,0.334921405267962
W M0.80,S2,0.96,0.9856717028026137,0.9856760742211896
W M0.80,S2,0.99,0.9753346931603681,0.9753410773690293
W M0.80,S3,0.2,0.5400553450861556,0.5400556267838797
W M0.80,S3,0.44,0.4591305203233057,0.46128323287805595
W M0.80,S3,0.65,0.43491516932948326,0.43493169637006246
W M0.80,S3,0.8,0.364595778816783,0.36465849806303796
W M0.80,S3,0.9,0.3201102711796227,0.32011569576750454
W M0.80,S3,0.96,0.22587270975334017,0.22611871156614602
W M0.80,S3,0.99,0.18871062489106002,0.18871472645912066
W M0.82,P0,0.2,0.6139075607811839,0.6140498490929603
W M0.82,P0,0.44,0.543394155618494,0.5439640403385622
W M0.82,P0,0.65,0.5276238154467355,0.5280790048087537
W M0.82,P0,0.8,0.9841854235306934,0.9845018045244286
W M0.82,P0,0.9,0.4097424969481016,0.40980052979780807
W M0.82,P0,0.96,0.9856717028026137,0.9859053356320722
W M0.82,P0,0.99,0.9811729250069775,0.9812955899293732
W M0.82,P1,0.2,0.6230957912177779,0.6231579349203968
W M0.82,P1,0.44,0.5484259171423621,0.548663559429336
W M0.82,P1,0.65,0.5276238154467355,0.5283126791944314
W M0.82,P1,0.8,0.4590256635502404,0.4613842023751635
W M0.82,P1,0.9,0.3767209718996567,0.37793147610179345
W M0.82,P1,0.96,0.9856717028026137,0.9857529984828929
W M0.82,P1,0.99,0.9753346931603681,0.9753424448459114
W M0.82,P2,0.2,0.6139075607811839,0.6140272877992765
W M0.82,P2,0.44,0.5484259171423621,0.5485169438266557
W M0.82,P2,0.65,0.5276238154467355,0.5277320683273824
W M0.82,P2,0.8,0.4358361934606343,0.4362104425043882
W M0.82,P2,0.9,0.3767209718996567,0.3787549354619095
W M0.82,P2,0.96,0.30210244038427064,0.30241048894923395
W M0.82,P2,0.99,0.9692655512600036,0.9692657732272024
W M0.82,P3,0.2,0.6139075607811839,0.6139575578681259
W M0.82,P3,0.44,0.5535647814101858,0.5550850276089975
W M0.82,P3,0.65,0.5276238154467355,0.5278294247137405
W M0.82,P3,0.8,0.4513668900738966,0.45191059523221877
W M0.82,P3,0.9,0.3767209718996567,0.3787165525578733
W M0.82,P3,0.96,0.28728887620338944,0.2876884245950588
W M0.82,P3,0.99,0.9593486971780509,0.9593498424021981
W M0.82,S1,0.2,0.6139075607811839,0.6140770859725339
W M0.82,S1,0.44,0.5484259171423621,0.5484421381575082
W M0.82,S1,0.65,0.5276238154467355,0.5281646026208666
W M0.82,S1,0.8,0.4522433351880101,0.45230614031806626
W M0.82,S1,0.9,0.4097424969481016,0.40975001181193554
W M0.82,S1,0.96,0.9856717028026137,0.9858281865349481
W M0.82,S1,0.99,0.9785004028722927,0.9785206243721484
W M0.82,S2,0.2,0.6230957912177779,0.6230961750746558
W M0.82,S2,0.44,0.5484259171423621,0.5484691763111017
W M0.82,S2,0.65,0.5276238154467355,0.5279816961296809
W M0.82,S2,0.8,0.4513668900738966,0.45170614877955984
W M0.82,S2,0.9,0.3710479020256783,0.3731972036324832
W M0.82,S2,0.96,0.9856717028026137,0.9857318808101035
W M0.82,S2,0.99,0.9753346931603681,0.9753707919784212
W M0.82,S3,0.2,0.6139075607811839,0.6139872901887087
W M0.82,S3,0.44,0.543394155618494,0.5437075934349419
W M0.82,S3,0.65,0.515447331206354,0.5166809090777281
W M0.82,S3,0.8,0.4513668900738966,0.4513996030111756
W M0.82,S3,0.9,0.3767209718996567,0.377216122706985
W M0.82,S3,0.96,0.30210244038427064,0.30221423721429347
W M0.82,S3,0.99,0.2565798647418726,0.2567169475918516
W M0.8395,P0,0.2,0.6705342486594731,0.6711137976661542
W M0.8395,P0,0.44,0.6123522059682991,0.6123872222125323
W M0.8395,P0,0.65,0.5759128677684422,0.5764645244499552
W M0.8395,P0,0.8,0.9841854235306934,0.9849158028098242
W M0.8395,P0,0.9,0.44511257595808695,0.4452864938162466
W M0.8395,P0,0.96,0.9856717028026137,0.9859271522370975
W M0.8395,P0,0.99,0.9811729250069775,0.9813790071413534
W M0.8395,P1,0.2,0.6705342486594731,0.6714277866764231
W M0.8395,P1,0.44,0.6123522059682991,0.6124392799938762
W M0.8395,P1,0.65,0.5759128677684422,0.5765543851092483
W M0.8395,P1,0.8,0.503287755180331,0.5061303194146354
W M0.8395,P1,0.9,0.46653672255814094,0.4665402137144387
W M0.8395,P1,0.96,0.9920031353257368,0.992009944023372
W M0.8395,P1,0.99,0.9785004028722927,0.978509276720656
W M0.8395,P2,0.2,0.6705342486594731,0.6711756306647629
W M0.8395,P2,0.44,0.6209465921842113,0.6211628003329371
W M0.8395,P2,0.65,0.5759128677684422,0.5759418428692507
W M0.8395,P2,0.8,0.5071503772526418,0.5073703703761093
W M0.8395,P2,0.9,0.46653672255814094,0.4665491311447442
W M0.8395,P2,0.96,0.37667784831533363,0.37675272025793455
W M0.8395,P2,0.99,0.9753346931603681,0.9753631307262465
W M0.8395,P3,0.2,0.6705342486594731,0.6711739522296437
W M0.8395,P3,0.44,0.6044771621004362,0.6046225915474817
W M0.8395,P3,0.65,0.5643319084461466,0.5643392129715256
W M0.8395,P3,0.8,0.5245456547884314,0.5245539378868685
W M0.8395,P3,0.9,0.447188836513951,0.4472139313353291
W M0.8395,P3,0.96,0.37667784831533363,0.376688975044289
W M0.8395,P3,0.99,0.9738007765786793,0.9738038424659612
W M0.8395,S1,0.2,0.6705342486594731,0.6713095780534136
W M0.8395,S1,0.44,0.6123522059682991,0.6124185753650107
W M0.8395,S1,0.65,0.5759128677684422,0.5764758263960287
W M0.8395,S1,0.8,0.5071503772526418,0.5071521730401882
W M0.8395,S1,0.9,0.44511257595808695,0.4452946338818318
W M0.8395,S1,0.96,0.9856717028026137,0.9858611372652106
W M0.8395,S1,0.99,0.9785004028722927,0.9785275492289239
W M0.8395,S2,0.2,0.6705342486594731,0.6713299783481371
W M0.8395,S2,0.44,0.6123522059682991,0.6124214300821341
W M0.8395,S2,0.65,0.5759128677684422,0.5762329694808078
W M0.8395,S2,0.8,0.503287755180331,0.5066577997774531
W M0.8395,S2,0.9,0.447188836513951,0.4472636148660525
W M0.8395,S2,0.96,0.9856717028026137,0.9857859587037657
W M0.8395,S2,0.99,0.9785004028722927,0.978508678621437
W M0.8395,S3,0.2,0.6705342486594731,0.6711363207485933
W M0.8395,S3,0.44,0.6123522059682991,0.6123933318046509
W M0.8395,S3,0.65,0.5588406787652771,0.5596373521783023
W M0.8395,S3,0.8,0.503287755180331,0.5070155973051325
W M0.8395,S3,0.9,0.447188836513951,0.4471917529473915
W M0.8395,S3,0.96,0.368380241910572,0.3685763637013984
W M0.8395,S3,0.99,0.9753346931603681,0.9753545570317439
W M0.86,P0,0.2,0.7434305362080408,0.7435067216421481
W M0.86,P0,0.44,0.6766451347077229,0.6768331421115898
W M0.86,P0,0.65,0.637603299419519,0.6376160616729565
W M0.86,P0,0.8,0.9841854235306934,0.9853184936792004
W M0.86,P0,0.9,0.5368279222329849,0.5368873326300441
W M0.86,P0,0.96,0.9921546889509332,0.9921624528244715
W M0.86,P0,0.99,0.98513756469765,0.9852074795289254
W M0.86,P1,0.2,0.7379938584886239,0.7380635801354178
W M0.86,P1,0.44,0.6766451347077229,0.6767987709983453
W M0.86,P1,0.65,0.637603299419519,0.6376130778664396
W M0.86,P1,0.8,0.5798270803275549,0.5800955846953179
W M0.86,P1,0.9,0.5154345982166968,0.5158301248066515
W M0.86,P1,0.96,0.9920031353257368,0.9920248189678991
W M0.86,P1,0.99,0.9816632691416428,0.981666954065219
W M0.86,P2,0.2,0.7248595611247314,0.7288201763494433
W M0.86,P2,0.44,0.6766451347077229,0.6767296539192166
W M0.86,P2,0.65,0.637603299419519,0.6376038409552703
W M0.86,P2,0.8,0.5751020400613421,0.5751471494377618
W M0.86,P2,0.9,0.5249034476951203,0.5250403010727008
W M0.86,P2,0.96,0.9856717028026137,0.985681619694761
W M0.86,P2,0.99,0.9753346931603681,0.9753972344026305
W M0.86,P3,0.2,0.7379938584886239,0.7380010683797474
W M0.86,P3,0.44,0.6766451347077229,0.6766993152624953
W M0.86,P3,0.65,0.637603299419519,0.637608111601799
W M0.86,P3,0.8,0.5798270803275549,0.579827492175537
W M0.86,P3,0.9,0.5154345982166968,0.5154500913737514
W M0.86,P3,0.96,0.9711054385393004,0.9711743217358831
W M0.86,P3,0.99,0.9753346931603681,0.9753367633289763
W M0.86,S1,0.2,0.7379938584886239,0.7380847750075635
W M0.86,S1,0.44,0.6766451347077229,0.6768171652950704
W M0.86,S1,0.65,0.637603299419519,0.6376136200913
W M0.86,S1,0.8,0.5798270803275549,0.5799995251981759
W M0.86,S1,0.9,0.5368279222329849,0.5368414704788995
W M0.86,S1,0.96,0.9856717028026137,0.9858959583013422
W M0.86,S1,0.99,0.9785004028722927,0.978534601328298
W M0.86,S2,0.2,0.7379938584886239,0.7380114121178023
W M0.86,S2,0.44,0.6766451347077229,0.6767583604100159
W M0.86,S2,0.65,0.637603299419519,0.6376133767244441
W M0.86,S2,0.8,0.5798270803275549,0.5798584426529744
W M0.86,S2,0.9,0.5043964945475033,0.5050024954026755
W M0.86,S2,0.96,0.9856717028026137,0.9858422106351434
W M0.86,S2,0.99,0.9816632691416428,0.9816638998146673
W M0.86,S3,0.2,0.7379938584886239,0.7380108598368232
W M0.86,S3,0.44,0.6766451347077229,0.6767354678650348
W M0.86,S3,0.65,0.637603299419519,0.6376120959046759
W M0.86,S3,0.8,0.5798270803275549,0.5798294763397518
W M0.86,S3,0.9,0.5043964945475033,0.5049233697032249
W M0.86,S3,0.96,0.9856717028026137,0.9857105413073541
W M0.86,S3,0.99,0.9753346931603681,0.9753881274868399
W M0.88,P0,0.2,0.7884646723843592,0.7885633420936983
W M0.88,P0,0.44,0.7368883428576719,0.7369269992335283
W M0.88,P0,0.65,0.680449389431921,0.6810605293509656
W M0.88,P0,0.8,0.9841854235306934,0.9856861792447994
W M0.88,P0,0.9,0.5905440080667369,0.5910689790021028
W M0.88,P0,0.96,0.9921680701166081,0.9923334622184644
W M0.88,P0,0.99,0.9867665143853118,0.9867764034395542
W M0.88,P1,0.2,0.7884646723843592,0.7885979811770242
W M0.88,P1,0.44,0.7368883428576719,0.7369086113860156
W M0.88,P1,0.65,0.680449389431921,0.6808988173315778
W M0.88,P1,0.8,0.6363616595582855,0.6396109896799514
W M0.88,P1,0.9,0.5905440080667369,0.5906558284445853
W M0.88,P1,0.96,0.9920031353257368,0.9920383225534709
W M0.88,P1,0.99,0.98513756469765,0.9851623235710943
W M0.88,P2,0.2,0.7884646723843592,0.7884692910070735
W M0.88,P2,0.44,0.728678492822232,0.7286799438615859
W M0.88,P2,0.65,0.6789812951839803,0.6789856645306225
W M0.88,P2,0.8,0.6161935371316576,0.6175598591994474
W M0.88,P2,0.9,0.5854732349088839,0.5865863100925197
W M0.88,P2,0.96,0.9920031353257368,0.9920171712747282
W M0.88,P2,0.99,0.9816632691416428,0.981668566335604
W M0.88,P3,0.2,0.7884646723843592,0.788548034357134
W M0.88,P3,0.44,0.7368883428576719,0.7368927023476237
W M0.88,P3,0.65,0.680449389431921,0.6811213973778137
W M0.88,P3,0.8,0.6363616595582855,0.6366659369931285
W M0.88,P3,0.9,0.5905440080667369,0.590629994976869
W M0.88,P3,0.96,0.9856717028026137,0.9857287555374531
W M0.88,P3,0.99,0.9816632691416428,0.9816633562306256
W M0.88,S1,0.2,0.7884646723843592,0.7885809966215757
W M0.88,S1,0.44,0.7368883428576719,0.7369066231158736
W M0.88,S1,0.65,0.680449389431921,0.6806320972835916
W M0.88,S1,0.8,0.6363616595582855,0.6379594519275714
W M0.88,S1,0.9,0.5905440080667369,0.5908498966971025
W M0.88,S1,0.96,0.9856717028026137,0.9859269103207596
W M0.88,S1,0.99,0.98513756469765,0.9852060197616901
W M0.88,S2,0.2,0.7884646723843592,0.7885488882951177
W M0.88,S2,0.44,0.7368883428576719,0.7369011962459147
W M0.88,S2,0.65,0.680449389431921,0.6804931354591973
W M0.88,S2,0.8,0.6363616595582855,0.6366874047248501
W M0.88,S2,0.9,0.5854732349088839,0.5862404959237044
W M0.88,S2,0.96,0.9920031353257368,0.9920167887897844
W M0.88,S2,0.99,0.9816632691416428,0.9816684598076885
W M0.88,S3,0.2,0.7884646723843592,0.7885600301674628
W M0.88,S3,0.44,0.7368883428576719,0.7369051992070009
W M0.88,S3,0.65,0.680449389431921,0.6809641304051536
W M0.88,S3,0.8,0.6161935371316576,0.6172306952565887
W M0.88,S3,0.9,0.573168221290378,0.5758427386312313
W M0.88,S3,0.96,0.9856717028026137,0.9857816913893335
W M0.88,S3,0.99,0.9816632691416428,0.9816635245842329
WB M0.78,P0,0.2,0.14544944044069355,0.14574139573806502
WB M0.78,P0,0.44,0.2585821242642347,0.2586491558404837
WB M0.78,P0,0.65,0.3276711854883779,0.32775469160436616
WB M0.78,P0,0.8,0.28636593588201176,0.28640273504235814
WB M0.78,P0,0.9,0.2557881964557122,0.2565273819581942
WB M0.78,P0,0.96,0.9888423289444873,0.98951683540876
WB M0.78,P0,0.99,0.9812463801052841,0.9812485010850611
WB M0.78,P1,0.2,0.14544944044069355,0.14567288659662547
WB M0.78,P1,0.44,0.23584077405627057,0.2358549876311338
WB M0.78,P1,0.65,0.31172117791918863,0.3117467433621155
WB M0.78,P1,0.8,0.2731518303530907,0.2731635602489587
WB M0.78,P1,0.9,0.24297926686262927,0.24302845552835375
WB M0.78,P1,0.96,0.19384885639882687,0.19391033210949812
WB M0.78,P1,0.99,0.977684719780806,0.9777428420866843
WB M0.78,P2,0.2,0.15218681634101158,0.1522108422830408
WB M0.78,P2,0.44,0.22401818665488715,0.22402894460431777
WB M0.78,P2,0.65,0.31172117791918863,0.3118130909818355
WB M0.78,P2,0.8,0.27854450194192404,0.27868469057895695
WB M0.78,P2,0.9,0.24021838654698008,0.2402800617610507
WB M0.78,P2,0.96,0.19384885639882687,0.19394872788655734
WB M0.78,P2,0.99,0.9726673441225836,0.9726705395367585
WB M0.78,P3,0.44,0.22214393737556773,0.22214676972235672
WB M0.78,P3,0.65,0.3042361519191273,0.30454160026571564
WB M0.78,P3,0.8,0.27854450194192404,0.27860861339817916
WB M0.78,P3,0.9,0.25383060137270635,0.2538443287618172
WB M0.78,P3,0.96,0.1771865812470325,0.1810142451940317
WB M0.78,P3,0.99,0.16010898915994573,0.16022749962086769
WB M0.78,S1,0.2,0.13561031437965518,0.13794444284701066
WB M0.78,S1,0.44,0.22214393737556773,0.22215449270335313
WB M0.78,S1,0.65,0.3042361519191273,0.3048384188524066
WB M0.78,S1,0.8,0.27854450194192404,0.2786237952498516
WB M0.78,S1,0.9,0.2557881964557122,0.25589632321250133
WB M0.78,S1,0.96,0.19384885639882687,0.19398125348987147
WB M0.78,S1,0.99,0.9812463801052841,0.9812484210135326
WB M0.78,S2,0.44,0.22214393737556773,0.22214606851593893
WB M0.78,S2,0.65,0.3042361519191273,0.30461619814039265
WB M0.78,S2,0.8,0.27854450194192404,0.27863325835928393
WB M0.78,S2,0.9,0.24021838654698008,0.24024546807691743
WB M0.78,S2,0.96,0.19384885639882687,0.1939581885060849
WB M0.78,S2,0.99,0.16727412161795377,0.1672896890719708
WB M0.78,S3,0.44,0.21169664984988287,0.21192513017784223
WB M0.78,S3,0.65,0.3042361519191273,0.3044171070778259
WB M0.78,S3,0.8,0.27854450194192404,0.27858938323747723
WB M0.78,S3,0.9,0.24021838654698008,0.24022630856046143
WB M0.78,S3,0.96,0.19384885639882687,0.19391906481605659
WB M0.78,S3,0.99,0.16010898915994573,0.16035822672270858
WB M0.82,P0,0.2,0.5628087318382389,0.5629099813061977
WB M0.82,P0,0.44,0.5585159828013601,0.5585194421122968
WB M0.82,P0,0.65,0.5263861506274333,0.5285502974000388
WB M0.82,P0,0.8,0.4725165068554383,0.4728130204593426
WB M0.82,P0,0.9,0.35514640085490173,0.35532956028959006
WB M0.82,P0,0.96,0.9955844850238539,0.9980550151630008
WB M0.82,P0,0.99,0.9836567223397592,0.9836593054754356
WB M0.82,P1,0.2,0.5597411472934546,0.5605559489328462
WB M0.82,P1,0.44,0.5459444635274975,0.5469740487867307
WB M0.82,P1,0.65,0.5117012589384583,0.5119511930501511
WB M0.82,P1,0.8,0.45979022071600034,0.4609747988210193
WB M0.82,P1,0.9,0.35514640085490173,0.3551603009256679
WB M0.82,P1,0.96,0.27532877108121034,0.2753706613900062
WB M0.82,P1,0.99,0.9812463801052841,0.9812480554876022
WB M0.82,P2,0.2,0.5451204518055484,0.5453867115350516
WB M0.82,P2,0.44,0.5402178898283126,0.5403471991135091
WB M0.82,P2,0.65,0.49452512023369183,0.49498860978670195
WB M0.82,P2,0.8,0.45979022071600034,0.460466591022918
WB M0.82,P2,0.9,0.3414687127499036,0.3436578462666943
WB M0.82,P2,0.96,0.27532877108121034,0.27569072265616157
WB M0.82,P2,0.99,0.973124759021366,0.9731356571488069
WB M0.82,P3,0.2,0.531577035651087,0.5332744447091265
WB M0.82,P3,0.44,0.5402178898283126,0.5402247038863197
WB M0.82,P3,0.65,0.5017575271292872,0.5018447223718945
WB M0.82,P3,0.8,0.44318195867102855,0.44325330966198684
WB M0.82,P3,0.9,0.3414687127499036,0.34471264504931576
WB M0.82,P3,0.96,0.28722610715796826,0.2913580216477497
WB M0.82,P3,0.99,0.25117171490070267,0.25123410851945266
WB M0.82,S1,0.2,0.5597411472934546,0.560893650990606
WB M0.82,S1,0.44,0.5459444635274975,0.5465262519551525
WB M0.82,S1,0.65,0.5017575271292872,0.5019608905890794
WB M0.82,S1,0.8,0.4623894635352916,0.46240604329151136
WB M0.82,S1,0.9,0.35514640085490173,0.3552428816072869
WB M0.82,S1,0.96,0.28722610715796826,0.28797534488545495
WB M0.82,S1,0.99,0.9812463801052841,0.9812498364005471
WB M0.82,S2,0.2,0.5597411472934546,0.5599148379172852
WB M0.82,S2,0.44,0.5402178898283126,0.5403478486610415
WB M0.82,S2,0.65,0.5017575271292872,0.5017680270864605
WB M0.82,S2,0.8,0.45979022071600034,0.4604807805177689
WB M0.82,S2,0.9,0.3414687127499036,0.3453055741990118
WB M0.82,S2,0.96,0.27532877108121034,0.2754325778668265
WB M0.82,S2,0.99,0.9812463801052841,0.9812479114259078
WB M0.82,S3,0.2,0.5451204518055484,0.5451204682986838
WB M0.82,S3,0.44,0.5402178898283126,0.54028723298685
WB M0.82,S3,0.65,0.49452512023369183,0.4949003448138494
WB M0.82,S3,0.8,0.45979022071600034,0.4600734995441659
WB M0.82,S3,0.9,0.3414687127499036,0.34429179758811657
WB M0.82,S3,0.96,0.27532877108121034,0.2755103114491644
WB M0.82,S3,0.99,0.977684719780806,0.9777502666523348
WB M0.86,P0,0.2,0.7347950166163132,0.7360536735568733
WB M0.86,P0,0.44,0.6748108031169427,0.6763569272540768
WB M0.86,P0,0.65,0.6310894004475307,0.6319152621884191
WB M0.86,P0,0.8,0.5731024054777184,0.5739265141883262
WB M0.86,P0,0.9,0.49632512906898485,0.49642271084086953
WB M0.86,P0,0.96,0.9988092571372407,0.9988888326083517
WB M0.86,P0,0.99,0.9870995773858117,0.9871440292406194
WB M0.86,P1,0.2,0.7290824691384524,0.7305661044420153
WB M0.86,P1,0.44,0.6777403348681909,0.6780034629919945
WB M0.86,P1,0.65,0.6310894004475307,0.6325077606090332
WB M0.86,P1,0.8,0.5677256124105129,0.5678663971648381
WB M0.86,P1,0.9,0.49331122985745196,0.49535281629015177
WB M0.86,P1,0.96,0.4732326850887026,0.47329188843811415
WB M0.86,P1,0.99,0.9812500423284309,0.9812724309835812
WB M0.86,P2,0.2,0.7274234350563028,0.7274295460423019
WB M0.86,P2,0.44,0.6777403348681909,0.6780984071727229
WB M0.86,P2,0.65,0.6310894004475307,0.6319832039249325
WB M0.86,P2,0.8,0.5677256124105129,0.5679024634379128
WB M0.86,P2,0.9,0.49632512906898485,0.49635158348191066
WB M0.86,P2,0.96,0.4732326850887026,0.4732585505775906
WB M0.86,P2,0.99,0.9856642771428016,0.9856944644192973
WB M0.86,P3,0.2,0.7194557331157457,0.7194558031366779
WB M0.86,P3,0.44,0.6777403348681909,0.6780446117484542
WB M0.86,P3,0.65,0.6310894004475307,0.631653355940477
WB M0.86,P3,0.8,0.5677256124105129,0.5679308738136788
WB M0.86,P3,0.9,0.49331122985745196,0.4955087527851262
WB M0.86,P3,0.96,0.4732326850887026,0.4732705383964577
WB M0.86,P3,0.99,0.979609834873758,0.9796210844605417
WB M0.86,S1,0.2,0.7290824691384524,0.7306153988318989
WB M0.86,S1,0.44,0.6684582277287107,0.6687048181361592
WB M0.86,S1,0.65,0.6310894004475307,0.6326269598092241
WB M0.86,S1,0.8,0.5731024054777184,0.5731825751529609
WB M0.86,S1,0.9,0.49632512906898485,0.496363467779858
WB M0.86,S1,0.96,0.9988092571372407,0.9988740288338971
WB M0.86,S1,0.99,0.9870995773858117,0.9871302607139268
WB M0.86,S2,0.2,0.7274234350563028,0.7274566303490283
WB M0.86,S2,0.44,0.6777403348681909,0.6778647494504331
WB M0.86,S2,0.65,0.6310894004475307,0.6323431007571464
WB M0.86,S2,0.8,0.5677256124105129,0.5679813663543066
WB M0.86,S2,0.9,0.49632512906898485,0.49633693681456503
WB M0.86,S2,0.96,0.4732326850887026,0.4732646163279234
WB M0.86,S2,0.99,0.9888425669619278,0.988906243670902
WB M0.86,S3,0.2,0.7274234350563028,0.7274258255416021
WB M0.86,S3,0.44,0.6777403348681909,0.6779622239094386
WB M0.86,S3,0.65,0.6310894004475307,0.6318715263287761
WB M0.86,S3,0.8,0.5731024054777184,0.573127709852608
WB M0.86,S3,0.9,0.49331122985745196,0.4955050384540681
WB M0.86,S3,0.96,0.4732326850887026,0.47324737300069547
WB M0.86,S3,0.99,0.9812463801052841,0.9812481787933245
WB M0.88,P0,0.2,0.7877396190340124,0.7877739052734902
WB M0.88,P0,0.44,0.7384673173155675,0.738481668104062
WB M0.88,P0,0.65,0.6713519338004706,0.6713642766103145
WB M0.88,P0,0.8,0.6306134632684176,0.6306334926132077
WB M0.88,P0,0.9,0.5745034042127092,0.5752665783929243
WB M0.88,P0,0.96,0.9988092571372407,0.9989372859010673
WB M0.88,P0,0.99,0.9911085833775706,0.9911398900361449
WB M0.88,P1,0.2,0.7877396190340124,0.7878146492478014
WB M0.88,P1,0.44,0.72716112575173,0.7271775376456341
WB M0.88,P1,0.65,0.6713519338004706,0.6713666772650797
WB M0.88,P1,0.8,0.6306134632684176,0.6307192475839295
WB M0.88,P1,0.9,0.5822946140558939,0.5823283632958404
WB M0.88,P1,0.96,0.5512268469467183,0.5512939003977848
WB M0.88,P1,0.99,0.9888425669619278,0.9888951430753875
WB M0.88,P2,0.2,0.7928681269628359,0.7939013028545476
WB M0.88,P2,0.44,0.72716112575173,0.727207624526697
WB M0.88,P2,0.65,0.6734309608697115,0.6734483773487603
WB M0.88,P2,0.8,0.6156084051703626,0.6163003198946664
WB M0.88,P2,0.9,0.5745034042127092,0.5806009039241
WB M0.88,P2,0.96,0.5467071407693307,0.5468601244184194
WB M0.88,P2,0.99,0.9915910193020939,0.9916042218097119
WB M0.88,P3,0.2,0.7851518455105314,0.7853482717730275
WB M0.88,P3,0.44,0.72716112575173,0.727177638048301
WB M0.88,P3,0.65,0.6801818784091338,0.680220716212478
WB M0.88,P3,0.8,0.6156084051703626,0.6158613103705041
WB M0.88,P3,0.9,0.5745034042127092,0.5756856129901929
WB M0.88,P3,0.96,0.5365409922127796,0.5390222550560592
WB M0.88,P3,0.99,0.9854375116138793,0.9854397087682175
WB M0.88,S1,0.2,0.7877396190340124,0.7877870906794572
WB M0.88,S1,0.44,0.72716112575173,0.7271767456096769
WB M0.88,S1,0.65,0.6713519338004706,0.6713678015872665
WB M0.88,S1,0.8,0.6306134632684176,0.630683099425044
WB M0.88,S1,0.9,0.5745034042127092,0.5781390204865474
WB M0.88,S1,0.96,0.9988092571372407,0.9989480777629279
WB M0.88,S1,0.99,0.9911085833775706,0.9911217068363601
WB M0.88,S2,0.2,0.7877396190340124,0.7877990335980137
WB M0.88,S2,0.44,0.72716112575173,0.7271859422891991
WB M0.88,S2,0.65,0.6798997092294007,0.6799155629542674
WB M0.88,S2,0.8,0.6156084051703626,0.6162162848334171
WB M0.88,S2,0.9,0.5745034042127092,0.5774563577834343
WB M0.88,S2,0.96,0.5467071407693307,0.5470579119184303
WB M0.88,S2,0.99,0.9888425669619278,0.9889736739745751
WB M0.88,S3,0.2,0.7877396190340124,0.7877787820813701
WB M0.88,S3,0.44,0.72716112575173,0.7271729519249372
WB M0.88,S3,0.65,0.6798997092294007,0.6799461713248693
WB M0.88,S3,0.8,0.6156084051703626,0.6158968187782143
WB M0.88,S3,0.9,0.5616382941762008,0.5616835317103039
WB M0.88,S3,0.96,0.5365409922127796,0.5381627599534957
WB M0.88,S3,0.99,0.9888425669619278,0.988886468531552
WB xcoarse,P0,0.2,0.7903757997127105,0.7905729227293092
WB xcoarse,P0,0.44,0.7106782049772911,0.7119319146761112
WB xcoarse,P0,0.65,0.6689681468563924,0.6691568678332293
WB xcoarse,P0,0.8,0.6248028277140217,0.6256433421040067
WB xcoarse,P0,0.9,0.5959825627011562,0.5970949456987232
WB xcoarse,P0,0.96,0.996113019716915,0.9962303391804571
WB xcoarse,P0,0.99,0.9706094845020539,0.9706196134312
WB xcoarse,P1,0.2,0.7777435231915271,0.7778817976560484
WB xcoarse,P1,0.44,0.7364953289034002,0.7365775164011179
WB xcoarse,P1,0.65,0.6689681468563924,0.6691312606695525
WB xcoarse,P1,0.8,0.6248028277140217,0.6249576905292543
WB xcoarse,P1,0.9,0.5781468284474695,0.5785138989418216
WB xcoarse,P1,0.96,0.9784667895234401,0.9788591885355395
WB xcoarse,P1,0.99,0.9618537664094173,0.9620625043425586
WB xcoarse,P2,0.2,0.7777435231915271,0.7778538378114725
WB xcoarse,P2,0.44,0.7364953289034002,0.7367051643321203
WB xcoarse,P2,0.65,0.6589359411058893,0.6643916460085753
WB xcoarse,P2,0.8,0.6356960267760956,0.6358006228117533
WB xcoarse,P2,0.9,0.5781468284474695,0.578220434473072
WB xcoarse,P2,0.96,0.9784667895234401,0.9786104570257435
WB xcoarse,P2,0.99,0.9578305324136142,0.9578571420365444
WB xcoarse,P3,0.2,0.7777435231915271,0.7777535725115247
WB xcoarse,P3,0.44,0.7106782049772911,0.7115152498368841
WB xcoarse,P3,0.65,0.6671437603088032,0.6679039965318867
WB xcoarse,P3,0.8,0.6108560114020334,0.6121169799318266
WB xcoarse,P3,0.9,0.5451458867330429,0.5453464669974123
WB xcoarse,P3,0.96,0.5159667986778733,0.5159781162224079
WB xcoarse,P3,0.99,0.9578305324136142,0.9578381156849383
WB xcoarse,S1,0.2,0.7777435231915271,0.7779034482353467
WB xcoarse,S1,0.44,0.7106782049772911,0.711871951713039
WB xcoarse,S1,0.65,0.6689681468563924,0.6691074718312976
WB xcoarse,S1,0.8,0.6248028277140217,0.6253020691043691
WB xcoarse,S1,0.9,0.5781468284474695,0.5784512529533382
WB xcoarse,S1,0.96,0.9996620504964836,0.9997290655857418
WB xcoarse,S1,0.99,0.9742986748093764,0.9743683364812782
WB xcoarse,S2,0.2,0.7777435231915271,0.7778415458489863
WB xcoarse,S2,0.44,0.7106782049772911,0.7115748772257926
WB xcoarse,S2,0.65,0.6689681468563924,0.6690145388567519
WB xcoarse,S2,0.8,0.6248028277140217,0.624923008668292
WB xcoarse,S2,0.9,0.5781468284474695,0.578217896321881
WB xcoarse,S2,0.96,0.9784667895234401,0.9787195826886662
WB xcoarse,S2,0.99,0.9618537664094173,0.9620209848932607
WB xcoarse,S3,0.2,0.7777435231915271,0.7777457251201384
WB xcoarse,S3,0.44,0.7106782049772911,0.7114021018088347
WB xcoarse,S3,0.65,0.6589359411058893,0.6639501168480133
WB xcoarse,S3,0.8,0.6108560114020334,0.611633899776453
WB xcoarse,S3,0.9,0.5451458867330429,0.5453253228295265
WB xcoarse,S3,0.96,0.4916603379682206,0.4918513505472504
WB xcoarse,S3,0.99,0.9578305324136142,0.957842859629063
WB medium,P0,0.2,0.8083960372644239,0.8091538965633058
WB medium,P0,0.44,0.7163415040462645,0.7163556097612307
WB medium,P0,0.65,0.6647290863190904,0.6647316213664228
WB medium,P0,0.8,0.5963199662333076,0.5965369236481046
WB medium,P0,0.9,0.5424517989086133,0.5425356220136316
WB medium,P0,0.96,1.0,0.998467470583701
WB medium,P0,0.99,0.9970886220451038,0.9970997485575137
WB medium,P1,0.2,0.8083960372644239,0.809083242387116
WB medium,P1,0.44,0.7251321706300207,0.7251862987194225
WB medium,P1,0.65,0.6629643486720292,0.6629778083538833
WB medium,P1,0.8,0.5974586195744334,0.5974886425740559
WB medium,P1,0.9,0.5422591744482393,0.5423634323913149
WB medium,P1,0.96,0.9992977203748251,0.9995600761240901
WB medium,P1,0.99,0.9970886220451038,0.9970941615130036
WB medium,P2,0.2,0.8107451424009221,0.810746859820852
WB medium,P2,0.44,0.7251321706300207,0.7254884596614202
WB medium,P2,0.65,0.6629643486720292,0.6629652222524474
WB medium,P2,0.8,0.5940263666545724,0.5940302247426764
WB medium,P2,0.9,0.5450965537167196,0.5452983910810925
WB medium,P2,0.96,0.9986291523810537,0.9988717822165657
WB medium,P2,0.99,0.9977655766193544,0.9977717009050053
WB medium,P3,0.2,0.8083960372644239,0.8086623427149594
WB medium,P3,0.44,0.7251321706300207,0.725378567251908
WB medium,P3,0.65,0.6629643486720292,0.6629717081501181
WB medium,P3,0.8,0.5935551965064175,0.5938378730343427
WB medium,P3,0.9,0.5450965537167196,0.5451232495397206
WB medium,P3,0.96,0.9986291523810537,0.9988116130822114
WB medium,P3,0.99,0.9970886220451038,0.9970950392525882
WB medium,S1,0.2,0.8083960372644239,0.80908073595542
WB medium,S1,0.44,0.7251321706300207,0.7251623014667257
WB medium,S1,0.65,0.6629643486720292,0.6629819957644882
WB medium,S1,0.8,0.5963199662333076,0.5964786534350298
WB medium,S1,0.9,0.5422591744482393,0.5423561577100116
WB medium,S1,0.96,1.0,0.9995701434784294
WB medium,S1,0.99,0.9952222418034996,0.9952633565887461
WB medium,S2,0.2,0.8083960372644239,0.8091097728519105
WB medium,S2,0.44,0.7251321706300207,0.7253039108038607
WB medium,S2,0.65,0.6629643486720292,0.6629728083135896
WB medium,S2,0.8,0.5963199662333076,0.5963600772110088
WB medium,S2,0.9,0.5422591744482393,0.5423305260325938
WB medium,S2,0.96,0.9986291523810537,0.9987720296742665
WB medium,S2,0.99,0.9970886220451038,0.9970917992641429
WB medium,S3,0.2,0.8077084633667514,0.8083106167092441
WB medium,S3,0.44,0.7251321706300207,0.7253298926930093
WB medium,S3,0.65,0.6629643486720292,0.662971311113127
WB medium,S3,0.8,0.5963199662333076,0.5963269451750131
WB medium,S3,0.9,0.5450965537167196,0.5451010598234411
WB medium,S3,0.96,0.9986291523810537,0.9988710566510983
WB medium,S3,0.99,0.9977655766193544,0.9977660060682224
