face,x,v_plus,v_minus,jump,rel_err_vs_m0
170,5.8488,4.984581e-03,-4.977595e-03,9.962176e-03,-0.0038
172,5.9086,4.983114e-03,-4.988608e-03,9.971722e-03,-0.0028
173,5.8887,4.983040e-03,-4.988607e-03,9.971647e-03,-0.0028
174,5.9684,4.982886e-03,-4.987898e-03,9.970784e-03,-0.0029
175,5.9485,4.983223e-03,-4.988917e-03,9.972140e-03,-0.0028
176,6.0283,4.984947e-03,-4.982154e-03,9.967102e-03,-0.0033
177,6.0083,4.984764e-03,-4.981993e-03,9.966757e-03,-0.0033
178,6.0881,4.982548e-03,-4.981966e-03,9.964514e-03,-0.0035
179,6.0681,4.982438e-03,-4.981872e-03,9.964310e-03,-0.0036
180,6.1479,4.982235e-03,-4.985563e-03,9.967799e-03,-0.0032
181,6.1280,4.982350e-03,-4.985677e-03,9.968027e-03,-0.0032
182,6.2077,4.984157e-03,-4.986644e-03,9.970801e-03,-0.0029
183,6.1878,4.984285e-03,-4.986791e-03,9.971076e-03,-0.0029
184,6.2675,4.986668e-03,-4.982631e-03,9.969300e-03,-0.0031
185,6.2476,4.986616e-03,-4.982583e-03,9.969199e-03,-0.0031
186,6.3274,4.984448e-03,-4.981427e-03,9.965875e-03,-0.0034
187,6.3074,4.984352e-03,-4.981343e-03,9.965695e-03,-0.0034
188,6.3872,4.986576e-03,-4.981814e-03,9.968391e-03,-0.0032
189,6.3672,4.986690e-03,-4.981913e-03,9.968603e-03,-0.0031
190,6.4470,4.984806e-03,-4.980922e-03,9.965728e-03,-0.0034
191,6.4271,4.984609e-03,-4.980758e-03,9.965368e-03,-0.0035
192,6.5068,4.982826e-03,-4.981318e-03,9.964144e-03,-0.0036
193,6.4869,4.982791e-03,-4.981286e-03,9.964077e-03,-0.0036
194,6.5667,4.983113e-03,-4.986207e-03,9.969320e-03,-0.0031
195,6.5467,4.983282e-03,-4.986371e-03,9.969653e-03,-0.0030
196,6.6265,4.978592e-03,-4.987890e-03,9.966482e-03,-0.0034
197,6.6065,4.978432e-03,-4.987711e-03,9.966143e-03,-0.0034
198,6.6863,4.980125e-03,-4.987467e-03,9.967593e-03,-0.0032
199,6.6664,4.980247e-03,-4.987585e-03,9.967831e-03,-0.0032
200,6.7461,4.979934e-03,-4.987686e-03,9.967619e-03,-0.0032
201,6.7262,4.980126e-03,-4.987878e-03,9.968005e-03,-0.0032
202,6.8059,4.978878e-03,-4.989416e-03,9.968294e-03,-0.0032
203,6.7860,4.978906e-03,-4.989465e-03,9.968371e-03,-0.0032
204,6.8658,4.983401e-03,-4.990318e-03,9.973719e-03,-0.0026
205,6.8458,4.983405e-03,-4.990334e-03,9.973738e-03,-0.0026
206,6.9256,4.984261e-03,-4.987523e-03,9.971784e-03,-0.0028
207,6.9056,4.984179e-03,-4.987435e-03,9.971614e-03,-0.0028
208,6.9854,4.982311e-03,-4.984330e-03,9.966641e-03,-0.0033
209,6.9655,4.982154e-03,-4.984181e-03,9.966335e-03,-0.0034
210,7.0452,4.981150e-03,-4.983205e-03,9.964356e-03,-0.0036
211,7.0253,4.981078e-03,-4.983137e-03,9.964215e-03,-0.0036
212,7.1050,4.982472e-03,-4.984697e-03,9.967168e-03,-0.0033
213,7.0851,4.982516e-03,-4.984740e-03,9.967256e-03,-0.0033
214,7.1649,4.983248e-03,-4.981795e-03,9.965044e-03,-0.0035
215,7.1449,4.983165e-03,-4.981713e-03,9.964878e-03,-0.0035
216,7.2247,4.987202e-03,-4.980342e-03,9.967545e-03,-0.0032
217,7.2048,4.987304e-03,-4.980444e-03,9.967748e-03,-0.0032
218,7.2845,4.989095e-03,-4.976851e-03,9.965946e-03,-0.0034
219,7.2646,4.988986e-03,-4.976741e-03,9.965727e-03,-0.0034
220,7.3443,4.991627e-03,-4.971958e-03,9.963585e-03,-0.0036
221,7.3244,4.991516e-03,-4.971848e-03,9.963364e-03,-0.0037
222,7.4042,4.996365e-03,-4.968976e-03,9.965341e-03,-0.0035
223,7.3842,4.996343e-03,-4.968957e-03,9.965300e-03,-0.0035
224,7.4640,5.002483e-03,-4.964520e-03,9.967003e-03,-0.0033
225,7.4440,5.002743e-03,-4.964876e-03,9.967619e-03,-0.0032
226,7.5238,5.005941e-03,-4.960837e-03,9.966777e-03,-0.0033
227,7.5039,5.006098e-03,-4.960992e-03,9.967090e-03,-0.0033
228,7.5836,5.011296e-03,-4.950951e-03,9.962247e-03,-0.0038
229,7.5637,5.011052e-03,-4.950773e-03,9.961825e-03,-0.0038
230,7.6434,5.017281e-03,-4.947980e-03,9.965261e-03,-0.0035
231,7.6235,5.017240e-03,-4.947934e-03,9.965174e-03,-0.0035
232,7.7033,5.021923e-03,-4.940819e-03,9.962742e-03,-0.0037
233,7.6833,5.022060e-03,-4.940906e-03,9.962967e-03,-0.0037
234,7.7631,5.022254e-03,-4.944782e-03,9.967036e-03,-0.0033
235,7.7431,5.022396e-03,-4.944889e-03,9.967285e-03,-0.0033
236,7.8229,5.022693e-03,-4.946169e-03,9.968862e-03,-0.0031
237,7.8030,5.022586e-03,-4.945861e-03,9.968448e-03,-0.0032
238,7.8827,5.024170e-03,-4.946595e-03,9.970766e-03,-0.0029
239,7.8628,5.024256e-03,-4.946753e-03,9.971009e-03,-0.0029
240,7.9425,5.021316e-03,-4.948359e-03,9.969675e-03,-0.0030
241,7.9226,5.021407e-03,-4.948458e-03,9.969865e-03,-0.0030
242,8.0024,5.018707e-03,-4.956381e-03,9.975088e-03,-0.0025
243,7.9824,5.018637e-03,-4.956366e-03,9.975003e-03,-0.0025
244,8.0622,5.016107e-03,-4.953562e-03,9.969670e-03,-0.0030
245,8.0423,5.016035e-03,-4.953496e-03,9.969531e-03,-0.0030
246,8.1220,5.011966e-03,-4.954413e-03,9.966379e-03,-0.0034
247,8.1021,5.011941e-03,-4.954389e-03,9.966329e-03,-0.0034
248,8.1818,5.008018e-03,-4.959714e-03,9.967733e-03,-0.0032
249,8.1619,5.008012e-03,-4.959709e-03,9.967721e-03,-0.0032
250,8.2417,5.005709e-03,-4.963312e-03,9.969021e-03,-0.0031
251,8.2217,5.005731e-03,-4.963341e-03,9.969072e-03,-0.0031
252,8.3015,5.003527e-03,-4.964022e-03,9.967550e-03,-0.0032
253,8.2815,5.003539e-03,-4.964035e-03,9.967574e-03,-0.0032
254,8.3613,5.000400e-03,-4.964323e-03,9.964723e-03,-0.0035
255,8.3414,5.000498e-03,-4.964426e-03,9.964925e-03,-0.0035
256,8.4211,4.997319e-03,-4.970906e-03,9.968224e-03,-0.0032
257,8.4012,4.997495e-03,-4.971118e-03,9.968613e-03,-0.0031
258,8.4809,4.992559e-03,-4.974980e-03,9.967539e-03,-0.0032
259,8.4610,4.992505e-03,-4.974917e-03,9.967422e-03,-0.0033
260,8.5408,4.988131e-03,-4.978426e-03,9.966557e-03,-0.0033
261,8.5208,4.988030e-03,-4.978334e-03,9.966364e-03,-0.0034
262,8.6006,4.987635e-03,-4.978521e-03,9.966156e-03,-0.0034
263,8.5806,4.987702e-03,-4.978588e-03,9.966290e-03,-0.0034
264,8.6604,4.981006e-03,-4.981504e-03,9.962510e-03,-0.0037
265,8.6405,4.981042e-03,-4.981556e-03,9.962598e-03,-0.0037
266,8.7202,4.982640e-03,-4.982656e-03,9.965296e-03,-0.0035
267,8.7003,4.982560e-03,-4.982526e-03,9.965087e-03,-0.0035
268,8.7801,4.982442e-03,-4.988402e-03,9.970845e-03,-0.0029
269,8.7601,4.982374e-03,-4.988314e-03,9.970689e-03,-0.0029
270,8.8399,4.977238e-03,-4.991738e-03,9.968976e-03,-0.0031
271,8.8199,4.977384e-03,-4.992034e-03,9.969418e-03,-0.0031
272,8.8997,4.974178e-03,-4.989646e-03,9.963823e-03,-0.0036
273,8.8798,4.974006e-03,-4.989475e-03,9.963481e-03,-0.0037
274,8.9595,4.973382e-03,-4.992339e-03,9.965721e-03,-0.0034
275,8.9396,4.973430e-03,-4.992386e-03,9.965816e-03,-0.0034
276,9.0193,4.971800e-03,-4.994364e-03,9.966163e-03,-0.0034
277,8.9994,4.971766e-03,-4.994332e-03,9.966098e-03,-0.0034
278,9.0792,4.971569e-03,-4.999335e-03,9.970903e-03,-0.0029
279,9.0592,4.971777e-03,-4.999704e-03,9.971480e-03,-0.0029
280,9.1390,4.967597e-03,-4.999246e-03,9.966843e-03,-0.0033
281,9.1190,4.967554e-03,-4.999172e-03,9.966726e-03,-0.0033
282,9.1988,4.966426e-03,-4.997768e-03,9.964193e-03,-0.0036
283,9.1789,4.966296e-03,-4.997604e-03,9.963900e-03,-0.0036
284,9.2586,4.963958e-03,-4.997737e-03,9.961696e-03,-0.0038
285,9.2387,4.963746e-03,-4.997498e-03,9.961244e-03,-0.0039
286,9.3184,4.963290e-03,-4.997160e-03,9.960451e-03,-0.0040
287,9.2985,4.963295e-03,-4.997166e-03,9.960461e-03,-0.0040
288,9.3783,4.965345e-03,-4.999093e-03,9.964438e-03,-0.0036
289,9.3583,4.965639e-03,-4.999625e-03,9.965264e-03,-0.0035
290,9.4381,4.964870e-03,-4.998407e-03,9.963276e-03,-0.0037
291,9.4181,4.964655e-03,-4.998335e-03,9.962989e-03,-0.0037
292,9.4979,4.966856e-03,-4.993047e-03,9.959903e-03,-0.0040
293,9.4780,4.966753e-03,-4.992979e-03,9.959732e-03,-0.0040
294,9.5577,4.966515e-03,-4.989954e-03,9.956469e-03,-0.0044
295,9.5378,4.966282e-03,-4.989752e-03,9.956034e-03,-0.0044
296,9.6176,4.967513e-03,-4.991307e-03,9.958820e-03,-0.0041
297,9.5976,4.967603e-03,-4.991396e-03,9.958999e-03,-0.0041
298,9.6774,4.970044e-03,-4.988654e-03,9.958698e-03,-0.0041
299,9.6574,4.970072e-03,-4.988691e-03,9.958763e-03,-0.0041
300,9.7372,4.973124e-03,-4.986289e-03,9.959413e-03,-0.0041
301,9.7173,4.973139e-03,-4.986305e-03,9.959444e-03,-0.0041
302,9.7970,4.973025e-03,-4.983777e-03,9.956803e-03,-0.0043
303,9.7771,4.972919e-03,-4.983671e-03,9.956590e-03,-0.0043
304,9.8568,4.974427e-03,-4.988176e-03,9.962603e-03,-0.0037
305,9.8369,4.974605e-03,-4.988344e-03,9.962949e-03,-0.0037
306,9.9167,4.974870e-03,-4.989502e-03,9.964372e-03,-0.0036
307,9.8967,4.975078e-03,-4.989791e-03,9.964868e-03,-0.0035
308,9.9765,4.977763e-03,-4.986005e-03,9.963768e-03,-0.0036
309,9.9565,4.977823e-03,-4.986070e-03,9.963893e-03,-0.0036
310,10.0363,4.979730e-03,-4.984467e-03,9.964197e-03,-0.0036
311,10.0164,4.979961e-03,-4.984573e-03,9.964534e-03,-0.0035
312,10.0961,4.983412e-03,-4.987975e-03,9.971387e-03,-0.0029
313,10.0762,4.983423e-03,-4.987742e-03,9.971165e-03,-0.0029
314,10.1559,4.981269e-03,-4.987157e-03,9.968425e-03,-0.0032
315,10.1360,4.981855e-03,-4.987582e-03,9.969437e-03,-0.0031
316,10.2158,4.978701e-03,-4.984182e-03,9.962883e-03,-0.0037
317,10.1958,4.978479e-03,-4.983682e-03,9.962161e-03,-0.0038
318,10.2756,4.980537e-03,-4.982013e-03,9.962550e-03,-0.0037
319,10.2556,4.980519e-03,-4.981948e-03,9.962466e-03,-0.0038
320,10.3354,4.984312e-03,-4.986402e-03,9.970714e-03,-0.0029
321,10.3155,4.985713e-03,-4.986739e-03,9.972452e-03,-0.0028
322,10.3952,4.972638e-03,-4.995381e-03,9.968018e-03,-0.0032
323,10.3753,4.972218e-03,-4.995053e-03,9.967271e-03,-0.0033
324,10.4551,4.970667e-03,-4.997264e-03,9.967931e-03,-0.0032
325,10.4351,4.970453e-03,-4.997079e-03,9.967533e-03,-0.0032
326,10.5149,4.965784e-03,-4.997216e-03,9.963000e-03,-0.0037
327,10.4949,4.966505e-03,-4.997773e-03,9.964279e-03,-0.0036
328,10.5747,4.962898e-03,-5.001438e-03,9.964336e-03,-0.0036
329,10.5548,4.962830e-03,-5.001341e-03,9.964171e-03,-0.0036
330,10.6345,4.957602e-03,-5.004687e-03,9.962289e-03,-0.0038
331,10.6146,4.957598e-03,-5.004681e-03,9.962278e-03,-0.0038
