node,x_c,F_delta,F_A,F_B,F_Psi,F_Ct1,F_Ct2,F_max
0,1.0,-8.381930402932109e-07,-3.3605571487444944e-08,-1.071158442106549e-06,3.4153933493985616e-08,-9.411365556398047e-10,-2.402904434402617e-22,1.071158442106549e-06
1,0.0,0.0,0.0,0.0,0.0,0.0,0.0,0.0
2,0.99010488583018,4.1131032865372014e-05,-1.8568936743016742e-05,0.00011417682160698022,-0.00014554958032662662,-3.663410087566799e-05,-2.241402821503875e-20,0.00014554958032662662
3,0.9802072087012746,-3.156724658514181e-05,1.0017751114888337e-05,-6.324313932787613e-05,-6.427107662329284e-06,1.97593692646808e-06,-6.053911644783293e-22,6.324313932787613e-05
4,0.9703070705110818,5.4637671528187255e-06,-2.5281563146094922e-05,-4.240773884976715e-06,-2.3078683234690258e-05,-2.4460814460176853e-07,2.464985749393968e-22,2.5281563146094922e-05
5,0.9604045410907524,-2.121156976474168e-06,4.472813684228395e-06,-3.434539672636109e-06,3.651677792923453e-06,2.504864794260083e-07,4.5582129257349456e-23,4.472813684228395e-06
6,0.9504996930532507,-1.754211523340103e-07,4.005689362248175e-07,-2.3636637080732865e-07,3.479783751581543e-07,-1.3201134606148248e-08,1.4237272609361127e-25,4.005689362248175e-07
7,0.9405925960792868,-4.018294383765643e-07,1.6617544548048269e-07,-6.09128085572306e-07,1.5841520449407191e-07,-7.786832544692473e-09,3.53536152160744e-24,6.09128085572306e-07
8,0.9306833170590191,-3.1082676733056595e-07,1.1888799124987355e-08,-4.7353074083407897e-07,3.2225069759969234e-08,2.1818429773565368e-09,3.685647998946017e-24,4.7353074083407897e-07
9,0.9207719152579859,-2.76700658314708e-07,2.4936456700119935e-08,-4.1600079574718623e-07,4.067548078398639e-08,-2.362280263955019e-09,2.898138975869107e-24,4.1600079574718623e-07
10,0.910858453323387,-2.538514795899123e-07,-5.253403628072767e-09,-3.886490929179715e-07,1.4874286853076497e-08,-1.120657681725473e-09,3.4146916756373605e-24,3.886490929179715e-07
11,0.9009429839263966,-2.400137286163477e-07,-4.278253969143068e-09,-3.7361194180168505e-07,1.4518709936922144e-08,-1.2439367865880472e-09,3.896107474512441e-24,3.7361194180168505e-07
12,0.8910255586008076,-2.193606956040643e-07,2.0240693496910317e-10,-3.4304519792214125e-07,1.7088811958333703e-08,-9.913846802839795e-10,4.166143244465657e-24,3.4304519792214125e-07
13,0.8811062309314138,-2.0204613227391808e-07,-1.3586815404211784e-09,-3.1938581555972537e-07,1.5654288450459098e-08,-8.592558152862081e-10,4.622234713076615e-24,3.1938581555972537e-07
14,0.8711850439771167,-1.909203139149816e-07,5.227407799687569e-11,-3.051218539774234e-07,1.5954293466177658e-08,-8.043860935089344e-10,5.180838562884503e-24,3.051218539774234e-07
15,0.86126204317495,-1.8032047571346701e-07,5.687555628901621e-10,-2.9026512436170653e-07,1.5392148700676845e-08,-6.484180465810958e-10,5.719524299553566e-24,2.9026512436170653e-07
16,0.8513372708998309,-1.7110596326000361e-07,-1.4768438194766264e-10,-2.7759401699495126e-07,1.4258873772048528e-08,-5.643245388454339e-10,6.359989938440404e-24,2.7759401699495126e-07
17,0.8414107621536647,-1.6347022114782292e-07,-1.3448003981998472e-10,-2.6732710326895946e-07,1.3618688067763838e-08,-4.893280066730022e-10,7.11140840535037e-24,2.6732710326895946e-07
18,0.8314825540294565,-1.5609901127778375e-07,3.8023815344838233e-10,-2.570642168204952e-07,1.3700844515025047e-08,-3.9658410046732024e-10,7.908774466950926e-24,2.570642168204952e-07
19,0.8215526788075067,-1.4950423031916932e-07,2.2941662459725153e-10,-2.478412340655306e-07,1.3000125138190882e-08,-3.228833318506448e-10,8.808258564808177e-24,2.478412340655306e-07
20,0.8116211704484549,-1.4389906311681167e-07,4.3397657342160883e-10,-2.401225682838861e-07,1.2821946964311667e-08,-2.5786687829302633e-10,9.845968872057265e-24,2.401225682838861e-07
21,0.801688052595607,-1.3913972938731842e-07,4.895344428466055e-10,-2.3350955717196295e-07,1.2410072760339317e-08,-1.8977475805143443e-10,1.0991689081927515e-23,2.3350955717196295e-07
22,0.7917533557402486,-1.342621951685056e-07,4.272430544320883e-10,-2.2662257069745683e-07,1.2236128664384443e-08,-1.3064629488215985e-10,1.2290025992361536e-23,2.2662257069745683e-07
23,0.7818171009316631,-1.2978645795610147e-07,7.326267255712056e-10,-2.2028270455191404e-07,1.2198270252503524e-08,-7.362274326062414e-11,1.3750902947489626e-23,2.2028270455191404e-07
24,0.7718793102344086,-1.2609308214834622e-07,6.62926689048508e-10,-2.1513535001101426e-07,1.155773543529172e-08,-1.7244214133387332e-11,1.538985381533678e-23,2.1513535001101426e-07
25,0.7619400045632136,-1.2308381601448814e-07,8.18216429772359e-10,-2.1094073234096701e-07,1.1650453564977514e-08,2.9769883166713737e-11,1.7271604667085805e-23,2.1094073234096701e-07
26,0.7519991999240196,-1.2004834218735875e-07,7.014919190579245e-10,-2.0659766243583604e-07,1.1378577900607966e-08,7.701208429544488e-11,1.9390933614308713e-23,2.0659766243583604e-07
27,0.7420569139685426,-1.1725515471085339e-07,8.391906171016694e-10,-2.0267652410606234e-07,1.1211566419120502e-08,1.2361745608700915e-10,2.1772788389018136e-23,2.0267652410606234e-07
28,0.732113159426416,-1.1472366131283847e-07,1.0649941922450115e-09,-1.990504889176687e-07,1.1023670137496596e-08,1.7120246625089913e-10,2.4486230006400146e-23,1.990504889176687e-07
29,0.7221679483608356,-1.1206390559015339e-07,1.1982310818977777e-09,-1.9515163148133622e-07,1.1330632278613142e-08,2.1335323213728727e-10,2.761340203122591e-23,1.9515163148133622e-07
30,0.7122212926073156,-1.0993199908925594e-07,1.6715962973269166e-09,-1.9209987600592627e-07,1.1850081488482454e-08,2.5067968802457216e-10,3.115304166414135e-23,1.9209987600592627e-07
31,0.7022731999000958,-1.0786294454924994e-07,1.6716459562106146e-09,-1.8911731850704218e-07,1.139983482498271e-08,2.922028302767644e-10,3.5149510933897596e-23,1.8911731850704218e-07
32,0.6923236795979286,-1.0581124641731053e-07,1.6526684231279986e-09,-1.861029242868758e-07,1.1351189545519315e-08,3.3212951745359573e-10,3.9767036983221917e-23,1.861029242868758e-07
33,0.6823727368032297,-1.0419380874865215e-07,1.883630037729898e-09,-1.8376849415363597e-07,1.1541874766294408e-08,3.668307540507707e-10,4.506644027178255e-23,1.8376849415363597e-07
34,0.6724203752258999,-1.0277486179381987e-07,1.7353900656991483e-09,-1.817641832637924e-07,1.1194412047936453e-08,4.017384028305743e-10,5.113638922835635e-23,1.817641832637924e-07
35,0.6624666007591165,-1.0150831537242504e-07,1.714649418792408e-09,-1.7999616121943444e-07,1.1336728432994665e-08,4.3088996030071285e-10,5.814467485156312e-23,1.7999616121943444e-07
36,0.6525114152960629,-1.0019592768266637e-07,1.4258587940381672e-09,-1.7809095205557705e-07,1.0798655668154786e-08,4.6351852768221675e-10,6.612269310633628e-23,1.7809095205557705e-07
37,0.6425548184644789,-9.890572490861446e-08,1.2442967185545898e-09,-1.761915367490891e-07,1.0217173108125422e-08,4.984263876357505e-10,7.527250820162286e-23,1.761915367490891e-07
38,0.6325968138346085,-9.817571356717815e-08,8.528651409998669e-10,-1.7519029398912233e-07,9.359942818760336e-09,5.366113667251484e-10,8.588284390252134e-23,1.7519029398912233e-07
39,0.6226374001373497,-9.68318320396132e-08,1.0676404887156097e-09,-1.731057339995428e-07,9.959618619445579e-09,5.678873576578541e-10,9.839191237272648e-23,1.731057339995428e-07
40,0.6126765756197974,-9.565539356326508e-08,1.2560381912697522e-09,-1.7131853299487204e-07,1.0131674400077665e-08,5.963936325694859e-10,1.1275679586141475e-22,1.7131853299487204e-07
41,0.6027143402539177,-9.486961239035074e-08,1.2594825853920825e-09,-1.702013323725881e-07,9.938001588775781e-09,6.273309901830751e-10,1.2940427215008433e-22,1.702013323725881e-07
42,0.592750693193475,-9.423249478242134e-08,1.1380163032037915e-09,-1.6925948483631933e-07,9.618155993175299e-09,6.564523872890999e-10,1.4880433915916682e-22,1.6925948483631933e-07
43,0.5827856313067526,-9.39651339198617e-08,9.889600353762014e-10,-1.6890668947735627e-07,9.1919300452451e-09,6.90683202660899e-10,1.7144533606525236e-22,1.6890668947735627e-07
44,0.5728191526028106,-9.297256476991822e-08,1.2483637325475123e-09,-1.6735329862960094e-07,9.755680087638663e-09,7.197594869808873e-10,1.9826388084137174e-22,1.6735329862960094e-07
45,0.5628512569017231,-9.192887127301961e-08,1.4759318985059268e-09,-1.6564388800805686e-07,9.898153561507908e-09,7.53045685220516e-10,2.2952459603568625e-22,1.6564388800805686e-07
46,0.5528819418182068,-9.094407429620398e-08,1.5900592765162179e-09,-1.6412329639385418e-07,1.0058202746810323e-08,7.818372000156316e-10,2.6643955709643635e-22,1.6412329639385418e-07
47,0.5429112056327131,-9.052326716913916e-08,1.5166815268504595e-09,-1.6350744796290516e-07,9.752555964790508e-09,8.12634370355584e-10,3.098703535059728e-22,1.6350744796290516e-07
48,0.5329390496012941,-9.002423117230432e-08,1.3890961634897641e-09,-1.6276261422267968e-07,9.60767630956578e-09,8.398063576604807e-10,3.6144855375103655e-22,1.6276261422267968e-07
49,0.5229654745547798,-8.995327678929114e-08,1.3363216702286474e-09,-1.627223064415403e-07,9.299623381346647e-09,8.711529961410321e-10,4.223410294944492e-22,1.627223064415403e-07
50,0.5129904816483042,-8.950709377825219e-08,1.3146085427113018e-09,-1.6205156530343988e-07,9.262012830808919e-09,9.023536032603624e-10,4.951074310068931e-22,1.6205156530343988e-07
51,0.5030140740261183,-8.894611048908597e-08,1.6381079504505897e-09,-1.6111679123110334e-07,9.619930683513715e-09,9.34840719019291e-10,5.820769695906887e-22,1.6111679123110334e-07
52,0.4930362582830874,-8.824270178233467e-08,1.683312259007234e-09,-1.6000829865237893e-07,9.659104485616754e-09,9.676244368354844e-10,6.863180106495997e-22,1.6000829865237893e-07
53,0.483057041536239,-8.76093504753095e-08,1.946482846644924e-09,-1.5902801526696722e-07,1.0094537088773811e-08,9.960428437502368e-10,8.122941951735711e-22,1.5902801526696722e-07
54,0.47307643296699775,-8.700219568321182e-08,1.8003880339811282e-09,-1.5807476983844665e-07,9.711791447857682e-09,1.0280226653055892e-09,9.632852128489275e-22,1.5807476983844665e-07
55,0.463094444947318,-8.715407007768928e-08,1.6617148152520193e-09,-1.5854517694509202e-07,9.46240741170672e-09,1.0567047853026319e-09,1.1460541153914078e-21,1.5854517694509202e-07
56,0.4531110948784052,-8.706547982764141e-08,1.5497731005344884e-09,-1.5852603644084176e-07,9.271947317554331e-09,1.0893325998934581e-09,1.3682689120562564e-21,1.5852603644084176e-07
57,0.44312640165990447,-8.623211244969868e-08,1.268330804175239e-09,-1.572280225157184e-07,8.98989713301543e-09,1.121045110392709e-09,1.63963274421905e-21,1.572280225157184e-07
58,0.4331403891138494,-8.613176061864452e-08,1.4350518349228546e-09,-1.572760033577139e-07,8.908104007812115e-09,1.1556904378334068e-09,1.9694433461953197e-21,1.572760033577139e-07
59,0.4231530855525473,-8.584451845820685e-08,1.276004044647239e-09,-1.5697833068591396e-07,8.593022835502253e-09,1.1907890868672996e-09,2.374887019246281e-21,1.5697833068591396e-07
60,0.41316452636063977,-8.571809714687201e-08,1.2856951777847293e-09,-1.5694886987386167e-07,8.698745905621146e-09,1.2239952439629425e-09,2.876348210502259e-21,1.5694886987386167e-07
61,0.4031747509935614,-8.588198871806041e-08,1.1959838526809962e-09,-1.5760548914621815e-07,8.487197991992583e-09,1.2549409906155496e-09,3.495562410934981e-21,1.5760548914621815e-07
62,0.3931838063645967,-8.54796030592099e-08,1.2715476969790807e-09,-1.5714268364774222e-07,8.592818142634551e-09,1.2921728723816847e-09,4.265472405594849e-21,1.5714268364774222e-07
63,0.3831917477947701,-8.483681175820739e-08,9.797553129686978e-10,-1.5632255808354098e-07,8.16513460280127e-09,1.3288065563081598e-09,5.224832543932904e-21,1.5632255808354098e-07
64,0.37319863880152093,-8.538049806365521e-08,1.1928620959340311e-09,-1.5777398631512185e-07,8.04870350107701e-09,1.3727046307989797e-09,6.412338605400689e-21,1.5777398631512185e-07
65,0.3632045516862651,-8.491108385672182e-08,1.1268295365517991e-09,-1.5736160632484198e-07,8.190767512979752e-09,1.408863625420018e-09,7.920325250174779e-21,1.5736160632484198e-07
66,0.3532095716655414,-8.489062438385624e-08,1.2289292717588905e-09,-1.5778761926718037e-07,8.512922726160995e-09,1.4439272821708266e-09,9.820437862792418e-21,1.5778761926718037e-07
67,0.3432137934155042,-8.46061393739595e-08,8.122165981511407e-10,-1.5793021641063932e-07,7.837527039515639e-09,1.4808588372705736e-09,1.2207199980860953e-20,1.5793021641063932e-07
68,0.3332173281650474,-8.52885762462142e-08,6.382189312924517e-10,-1.5985274849411424e-07,7.287202175056247e-09,1.5278635723150094e-09,1.5172666417502657e-20,1.5985274849411424e-07
69,0.32322030091462295,-8.580644134560196e-08,4.613548334297501e-10,-1.615149259812557e-07,7.173209554819267e-09,1.5738560003038753e-09,1.891460796998776e-20,1.615149259812557e-07
70,0.3132228543676948,-8.624400273112419e-08,4.5008146172752044e-10,-1.631228902884829e-07,7.381527307084351e-09,1.6180492767392552e-09,2.3617756218610518e-20,1.631228902884829e-07
71,0.30322515094541974,-8.644996409337496e-08,1.1852818578644826e-10,-1.644889481392528e-07,7.15589949089464e-09,1.6643923260263444e-09,2.944512486634008e-20,1.644889481392528e-07
72,0.2932273752288534,-8.672807525649806e-08,-3.137921342685646e-10,-1.661200404854755e-07,6.935598981478226e-09,1.7086062630459026e-09,3.657646505814239e-20,1.661200404854755e-07
73,0.28322973706905646,-8.780070785225425e-08,-1.711638544911873e-09,-1.6950673171837924e-07,5.376008614285463e-09,1.7537831665278399e-09,4.4942417528225887e-20,1.6950673171837924e-07
74,0.27323247586145144,-9.013129458882345e-08,-4.571886707598e-09,-1.7567887315441653e-07,2.4657544865001906e-09,1.7918100486316462e-09,5.42826744110193e-20,1.7567887315441653e-07
75,0.2632358604220335,-9.230360336025837e-08,-1.0325007435968687e-08,-1.8222122749960418e-07,-3.2233205947894683e-09,1.806644688120512e-09,6.399577052252768e-20,1.8222122749960418e-07
76,0.25324020253031365,-9.2152670446626e-08,-2.3174356218275127e-08,-1.855284746754791e-07,-1.6635633916228286e-08,1.77156898639317e-09,7.242826519926866e-20,1.855284746754791e-07
77,0.24324585272856705,-8.194101624891111e-08,-5.439512270472634e-08,-1.7049897628465478e-07,-5.137071504211848e-08,1.6439880641132225e-09,7.566877987605387e-20,1.7049897628465478e-07
78,0.2332532147894953,-3.420999510717521e-08,-1.1875560076281548e-07,-7.699155181596496e-08,-1.2768133988531008e-07,1.3286211681455253e-09,6.064295476586924e-20,1.2768133988531008e-07
79,0.22326274906558055,2.832787967214219e-08,-2.577509558900434e-07,5.5617276817934675e-08,-2.941359024015342e-07,4.1058466733968547e-10,-3.109190016517189e-20,2.941359024015342e-07
80,0.21327498540380732,1.099207989330806e-07,3.7898446448643934e-07,2.6366974862162527e-07,3.975406558353239e-07,-8.706167696269688e-09,-1.6066228733671827e-18,3.975406558353239e-07
81,0.2032905323748017,-2.2356325475783257e-07,-2.46151817482462e-07,-6.469094518304131e-07,-3.0561126341212957e-07,-1.1606944353003753e-08,-9.672637699025115e-19,6.469094518304131e-07
82,0.19331009878920147,-5.45622301239022e-08,3.472656053114253e-07,-1.7279897447166778e-07,4.271066519400265e-07,-1.031366628216091e-08,1.0879542901312855e-18,4.271066519400265e-07
83,0.18333450549969868,-2.256759779291157e-07,-1.8040894743011878e-07,-5.318924344034078e-07,-2.0336854231209316e-07,-5.6946379790793924e-09,-5.599037932169919e-18,5.318924344034078e-07
84,0.1733647128387056,-1.071357584145697e-07,1.9169063248974662e-09,-2.1581764757717542e-07,3.4399271023593977e-08,1.995390430474227e-08,-7.417719472726506e-18,2.1581764757717542e-07
85,0.16340185302815757,-4.607416002350595e-08,7.518050672161e-08,-7.23455259199336e-08,7.583166110668404e-08,7.69523122246628e-09,6.068072195707133e-19,7.583166110668404e-08
86,0.15344726908224227,-8.545283595795835e-08,1.0042518693096787e-08,-2.0850100787908358e-07,1.2169379239094827e-08,1.8615002346237633e-09,-1.4803420591486025e-18,2.0850100787908358e-07
87,0.14350256330656763,-7.532661351700854e-07,-1.23268378288418e-07,-1.8426216487115692e-06,-1.1128965006516798e-07,1.2028804689536043e-08,-7.609309315360116e-18,1.8426216487115692e-06
88,0.133569679339037,7.040180162768399e-07,1.5195192659738868e-07,1.9144694329204137e-06,2.7723842161559194e-07,1.6144808001721437e-08,-1.582301200120862e-17,1.9144694329204137e-06
89,0.12365098950869396,-1.09463858112617e-07,-1.78902639856525e-08,-3.323761124364979e-07,3.80801597246036e-09,-1.4527417139409946e-09,-1.611460349929499e-17,3.323761124364979e-07
90,0.11374943178757883,1.6271909344138484e-08,1.9653884054761995e-08,6.204503119537342e-08,2.6159094788601028e-08,2.082730840170011e-09,-2.6178015002670452e-17,6.204503119537342e-08
91,0.10386870755488974,8.708813352256739e-08,7.0047002003006265e-09,2.2492596387768554e-07,1.138461970078756e-08,5.672292925611541e-10,-4.0569349132460024e-17,2.2492596387768554e-07
92,0.09401356129771836,8.254182807000232e-08,-2.5304291622090927e-08,2.299093858077682e-07,-3.066995359570854e-08,2.8683970146712286e-09,-4.453536534446214e-17,2.299093858077682e-07
93,0.08419020786742286,1.0718564220370263e-07,2.987006742793209e-08,3.131453013570664e-07,3.7706061551939595e-08,3.1278463682575315e-09,8.257729429748113e-17,3.131453013570664e-07
94,0.07440700286433335,1.427488180023424e-07,2.6116987280675067e-09,3.978066511589433e-07,5.380191047662238e-09,3.0988637840051217e-09,9.053471366945948e-16,3.978066511589433e-07
95,0.0646755325324012,2.3173200777742965e-07,-1.2663169000998776e-08,6.005247151924814e-07,-1.5054681136450532e-08,1.767000716966237e-09,6.729912208049921e-15,6.005247151924814e-07
96,0.055012498702031475,1.3818384344771104e-07,-4.609451308545397e-09,4.4926008134644634e-07,-3.826231528248296e-09,3.9568544282588275e-09,-2.4044794763300562e-14,4.4926008134644634e-07
97,0.045443153800991516,-3.3445121948935836e-08,-4.2799309354554455e-09,-8.604017842923591e-08,-8.582606131456577e-09,5.215456314771972e-17,-2.1706736987851697e-10,8.604017842923591e-08
98,0.036008080678837574,1.8184669647013992e-08,2.8727721685131703e-10,4.664351201763685e-08,-5.122453949260235e-09,0.0,-2.17067369878512e-10,4.664351201763685e-08
99,0.026778000454259234,1.6729898776956276e-08,4.475825038028673e-09,4.82535280719958e-09,-6.035883563042163e-10,0.0,-2.17067369878512e-10,1.6729898776956276e-08
100,0.017890475740218563,-1.5807667674838655e-16,0.0,1.3587970768027444e-17,1.0130486899000206e-16,0.0,0.0,1.5807667674838655e-16
101,0.009656878754864286,0.0,0.0,0.0,0.0,0.0,0.0,0.0
102,0.0029280046020373667,0.0,0.0,0.0,0.0,0.0,0.0,0.0
103,0.002928004628695131,0.0,0.0,0.0,0.0,0.0,0.0,0.0
104,0.009656878830778867,0.0,0.0,0.0,0.0,0.0,0.0,0.0
105,0.017890475873309455,0.0,0.0,0.0,0.0,0.0,0.0,0.0
106,0.0267780006449475,0.011472114924706494,0.0007085568930624427,-0.09040960572286363,-0.14955967542740387,0.0,-2.17067369878512e-10,0.14955967542740387
107,0.03600808092699955,7.056785258211428e-06,-7.653112859053625e-06,-5.622709868752555e-06,-1.824610053349815e-05,0.0,-2.17067369878512e-10,1.824610053349815e-05
108,0.04544315410538627,1.4518484137040339e-05,-2.4944661498445227e-05,3.268991513540266e-05,-0.00010747357724451715,0.0,-2.17067369878512e-10,0.00010747357724451715
109,0.05501249906370645,-2.8668553556408554e-06,-7.031606577591704e-06,0.0003153836782047307,-0.00043377593270798307,2.0885364152845074e-06,-2.0136100762648012e-08,0.00043377593270798307
110,0.06467553295054075,-4.814621305559872e-06,5.008145792655861e-06,0.000260902305346348,0.0022098573632590834,3.586556586473818e-05,-4.550149360297943e-06,0.0022098573632590834
111,0.07440700333898069,-0.00014331795739416342,3.7467502617762195e-05,-0.0002677518957704349,0.0005166430288472803,0.00012253629306983646,-3.340084683218834e-05,0.0005166430288472803
112,0.08419020840001401,0.00012482755148778354,-2.5895224290121756e-05,0.0002992194400347896,-0.00027520104836269876,-8.875126774256426e-05,-4.802636481347228e-05,0.0002992194400347896
113,0.09401356188692885,-0.00012123519880776906,4.6447383507392446e-05,-0.00016505778464037007,-0.0002957061025382246,6.199747009687232e-06,-7.374820476450035e-06,0.0002957061025382246
114,0.10386870820108043,-7.644042108794414e-05,0.00010249024020580497,-3.838389046171792e-05,-0.0005489137866438298,4.694131298556921e-06,1.103143022105739e-07,0.0005489137866438298
115,0.11374943249048204,2.244635309873726e-05,6.217200144508548e-06,0.00029200180344885406,-0.0009361121505118706,1.3274032471106003e-06,2.660405346528598e-07,0.0009361121505118706
116,0.12365099026841783,-0.0014979360259090508,-0.00010838656401636698,-0.0019114851452218767,-0.000652774555231411,-1.884249021229216e-06,-4.8588206788222104e-08,0.0019114851452218767
117,0.13356968015527088,-0.009346076949857732,-0.0004991251057931047,-0.012863670100518289,-0.0009204107864182485,-0.001129472375361107,-4.126647874692925e-09,0.012863670100518289
118,0.1435025641777411,-0.0015712650402597503,-8.01839558407169e-05,-0.0021636994687810277,-9.729592003301206e-05,-0.00034460123690050967,-1.4369496062826955e-08,0.0021636994687810277
119,0.15344727001052919,0.0005263848857011604,0.00019560586513003657,0.0045430619327457575,0.02238413282390942,0.00012931948692025897,1.8208395563161638e-09,0.02238413282390942
120,0.16340185401186597,0.0005146557207271082,0.00023199341696795864,0.004694014942833563,0.022269113507715804,2.7989877414573125e-05,-1.524025157280261e-08,0.022269113507715804
121,0.17336471387761648,1.284936795579772e-05,4.7744611133916655e-05,-7.937620136556883e-05,-0.0001328309352726288,4.378439634140891e-06,-6.620046508641353e-11,0.0001328309352726288
122,0.18333450659637918,-8.377541775402774e-07,-6.352677652317237e-06,6.495487723954792e-05,-0.00015666193955870799,-5.666261497963121e-06,-8.511804670777318e-10,0.00015666193955870799
123,0.19331009994334047,6.114879727634682e-06,8.145285571910673e-07,-1.0552168276170769e-07,-8.540945285246383e-07,-1.257410400105768e-06,-6.871704951404359e-10,6.114879727634682e-06
124,0.20329053358506027,-7.725648684754561e-06,-1.2077037988657358e-06,-2.9220059004618874e-05,-3.979686546960074e-05,1.750263709230868e-06,-3.829676919800614e-12,3.979686546960074e-05
125,0.2132749866687433,9.783064768874159e-06,2.1782507123042334e-06,1.965159843919772e-05,-5.226276426737715e-07,-1.9875921626009576e-06,-2.1352651994483656e-13,1.965159843919772e-05
126,0.22326275038389795,-1.531974976525986e-06,-2.2416046142117107e-06,-3.88317879215177e-06,-2.7788609291966106e-06,6.768521529466512e-07,5.376029798643402e-13,3.88317879215177e-06
127,0.23325321616449693,3.7467487496935664e-06,8.881285518903787e-07,8.981656579414499e-06,1.0476548994396437e-06,-3.2842808170244486e-07,-4.3211587272913236e-13,8.981656579414499e-06
128,0.24324585415782976,2.4362886047538306e-06,4.976031577575697e-07,5.110315344669921e-06,5.388063178706717e-07,1.315022655823743e-07,-4.1190122240966704e-14,5.110315344669921e-06
129,0.2532402040137527,-8.34663902957845e-08,1.4997723568014204e-07,-3.1483016222822405e-07,1.2770522059906286e-07,5.891585086413818e-08,-6.498376093411907e-14,3.1483016222822405e-07
130,0.26323586196339144,6.221031079562962e-07,-1.6977247087670997e-08,1.2565643914547636e-06,-5.719439767298224e-08,6.971855910156851e-08,-1.5774871219740707e-14,1.2565643914547636e-06
131,0.27323247746215096,4.78726990686671e-07,-6.41614828153763e-08,9.570051326649642e-07,-5.2198812629917944e-08,4.2832376088040376e-08,-2.1786601661090128e-15,9.570051326649642e-07
132,0.2832297387247238,3.844471509856929e-07,-7.95419553984958e-07,7.517919251338011e-07,-7.571022883488055e-07,2.983285145015522e-08,-6.7582744444079876e-15,7.95419553984958e-07
133,0.2932273769406551,5.637599861669355e-07,1.484599031639522e-07,1.2855028489539738e-06,1.6402763440507875e-07,1.8228030083204055e-08,-6.6897032687697186e-15,1.2855028489539738e-06
134,0.30322515271765055,-1.3924189953600402e-06,4.5549276997240976e-07,-2.791519810212308e-06,4.3229919781662454e-07,9.054574194555696e-09,-4.530904778794838e-15,2.791519810212308e-06
135,0.313222856193014,7.066299385942132e-07,-5.457573910727602e-07,1.5100560533206232e-06,-5.302535922836984e-07,5.995942766003451e-09,-3.4753676880451048e-15,1.5100560533206232e-06
136,0.3232203027963086,-2.482858434447295e-07,-1.5216658220126048e-06,-6.657871390582426e-07,-1.4973698185427159e-06,3.269198465969036e-09,-2.3601966392556097e-15,1.5216658220126048e-06
137,0.3332173301049513,1.6032951686134616e-07,-1.5424494219958703e-07,3.564028725100349e-07,-1.7630400144138134e-07,8.339486735039565e-09,-1.5048581517149535e-15,3.564028725100349e-07
138,0.3432137954102555,-7.813113880818671e-07,9.932094597602006e-07,-1.4225474551221276e-06,1.1763468339534125e-06,1.1654531312212404e-08,-9.127790670598625e-16,1.4225474551221276e-06
139,0.3532095737192942,-6.253356366130833e-08,1.2518931098202878e-06,-1.3778795552357728e-07,1.2213260583486658e-06,-1.846790436105692e-08,-5.991400778982407e-16,1.2518931098202878e-06
140,0.3632045537943491,3.6695065474372e-07,1.6253247611124155e-07,6.380955119603621e-07,9.456491488496131e-08,-1.2828837375218916e-08,-2.9044398708728766e-16,6.380955119603621e-07
141,0.3731986409643311,-9.682683807748196e-08,-1.1304578766998071e-07,-1.5699887053213261e-07,-9.362316437160204e-08,2.611341917716038e-09,-3.711966188992771e-16,1.5699887053213261e-07
142,0.3831917500127638,-1.8120064310825058e-07,6.574539123418944e-08,-3.064062246542312e-07,6.905161140582478e-08,2.741028973682414e-09,-2.87432854288255e-16,3.064062246542312e-07
143,0.39318380863391494,-1.270955819600222e-07,6.032202513030036e-08,-2.0859956234506063e-07,6.269225424308534e-08,2.6633651383552493e-09,-2.1175794349714418e-16,2.0859956234506063e-07
144,0.4031747533144754,-7.779659031446227e-08,3.531941651713778e-08,-1.1919015143733366e-07,3.8736721566768696e-08,2.512956194493255e-09,-1.5491654088892603e-16,1.1919015143733366e-07
145,0.4131645287336001,-4.743981889275434e-08,1.674284310376697e-08,-6.442017859070623e-08,2.064062115470073e-08,2.3301776242332495e-09,-1.141160314652957e-16,6.442017859070623e-08
146,0.42315308798536977,-3.0337258156775586e-08,6.41679412748067e-09,-3.425849267844682e-08,1.0445009885104115e-08,2.1390388935700697e-09,-8.493115514910091e-17,3.425849267844682e-08
147,0.43314039160150275,-2.0963255897483678e-08,3.5015119284979003e-09,-1.8426265583930912e-08,7.400843631203561e-09,1.9570317993695506e-09,-6.376810390276653e-17,2.0963255897483678e-08
148,0.4431264042012629,-1.6147425312887643e-08,1.9055223123005485e-09,-1.098578290454616e-08,5.623125273878429e-09,1.79335316923116e-09,-4.825860250691129e-17,1.6147425312887643e-08
149,0.4531110974761132,-1.4152943526287172e-08,2.9496129214769817e-09,-8.609408638774067e-09,6.601973265205982e-09,1.6491958441498027e-09,-3.6781612016281e-17,1.4152943526287172e-08
150,0.4630944476041593,-1.3679096317191303e-08,4.549936650192708e-09,-8.941142831507276e-09,8.092842966843216e-09,1.524653600878671e-09,-2.819839534804022e-17,1.3679096317191303e-08
151,0.4730764356808704,-1.3910271800035847e-08,4.504291937203493e-09,-1.0471451307256122e-08,8.212635371203489e-09,1.4185671030033269e-09,-2.173659328466703e-17,1.3910271800035847e-08
152,0.4830570443073074,-1.5218855114869747e-08,3.613941977989624e-09,-1.3916097598103389e-08,7.389775116721079e-09,1.3215875476664474e-09,-1.6833313137492443e-17,1.5218855114869747e-08
153,0.49303626110825477,-1.6643125049501468e-08,1.421284190409225e-09,-1.760181902100142e-08,5.1671253082296616e-09,1.235452821131976e-09,-1.3094655526241667e-17,1.760181902100142e-08
154,0.503014076866635,-1.8363032784149778e-08,1.8240266807811675e-09,-2.1795616821770807e-08,5.504056038723554e-09,1.1620419316098063e-09,-1.0229790629168473e-17,2.1795616821770807e-08
155,0.5129904844281422,-2.011637890489453e-08,3.355716053130518e-09,-2.596972677705714e-08,7.080601150033774e-09,1.0993449178524988e-09,-8.020671687608047e-18,2.596972677705714e-08
156,0.5229654772827211,-2.1766401004915464e-08,3.79081140442532e-09,-2.984878796055602e-08,7.582357514549256e-09,1.0447640534302908e-09,-6.308323249366104e-18,2.984878796055602e-08
157,0.532939052276885,-2.3541091404989042e-08,4.842212661115829e-09,-3.3840509492697636e-08,8.730202504579917e-09,9.968698074292474e-10,-4.976475397187776e-18,3.3840509492697636e-08
158,0.5429112082571138,-2.502350106535564e-08,3.939550648002819e-09,-3.7319084910257695e-08,7.967278462938153e-09,9.515887643147503e-10,-3.936356679292224e-18,3.7319084910257695e-08
159,0.5528819443917188,-2.6495607472495275e-08,3.925322164713324e-09,-4.074997088894527e-08,8.108156179773557e-09,9.12891919457432e-10,-3.121716480132987e-18,4.074997088894527e-08
160,0.5628512594138629,-2.82407240572558e-08,4.422045921643608e-09,-4.4582240927687384e-08,8.697064075090664e-09,8.775907929129546e-10,-2.481573934403065e-18,4.4582240927687384e-08
161,0.5728191550571956,-2.9822500005160086e-08,3.4533158085286574e-09,-4.808769171376829e-08,7.793307316860298e-09,8.426380838509394e-10,-1.9768806592798723e-18,4.808769171376829e-08
162,0.5827856337129814,-3.1603410421691515e-08,3.652104740848597e-09,-5.187534947844274e-08,8.138767060635976e-09,8.110088767516438e-10,-1.5781691790899294e-18,5.187534947844274e-08
163,0.5927506955448977,-3.3446068357470035e-08,4.439797213123338e-09,-5.574367615375968e-08,8.925362413454229e-09,7.813586233764251e-10,-1.2622853142801399e-18,5.574367615375968e-08
164,0.6027143425513377,-3.463672025043065e-08,3.4953569573905023e-09,-5.84133623973053e-08,8.16708431845728e-09,7.540233164232569e-10,-1.0113981908897918e-18,5.84133623973053e-08
165,0.6126765778571047,-3.6328417899560296e-08,4.289939290260373e-09,-6.193109009644079e-08,9.000440770435952e-09,7.29038515149702e-10,-8.11835394213365e-19,6.193109009644079e-08
166,0.6226374023231162,-3.774977489785833e-08,5.031414730321426e-09,-6.492769208479928e-08,9.918595508801509e-09,7.052224768309109e-10,-6.527041282828132e-19,6.492769208479928e-08
167,0.6325968159668962,-3.941285331067357e-08,3.7185200826077415e-09,-6.82388115573654e-08,8.760137785833498e-09,6.786194288803494e-10,-5.255555292440021e-19,6.82388115573654e-08
168,0.6425548205427798,-4.1250780418579574e-08,4.468819303958772e-09,-7.183939408305506e-08,9.519992112032528e-09,6.544813622884773e-10,-4.238074558226869e-19,7.183939408305506e-08
169,0.6525114173211151,-4.275497090607924e-08,4.6536024894256925e-09,-7.484053346370192e-08,9.901566130551066e-09,6.303309626385514e-10,-3.4223884215649972e-19,7.484053346370192e-08
170,0.6624666027279849,-4.443301614570767e-08,3.5246934004015325e-09,-7.806422554766835e-08,8.949964255188107e-09,6.050537074354174e-10,-2.7673998012756435e-19,7.806422554766835e-08
171,0.6724203771374981,-4.6564522958532705e-08,6.77073395647673e-09,-8.196296775939155e-08,1.2051522041873657e-08,5.858913262385426e-10,-2.2407872024456725e-19,8.196296775939155e-08
172,0.6823727386641666,-4.8000818465109705e-08,7.317359109757926e-09,-8.46031856150326e-08,1.295108137222574e-08,5.625888291860733e-10,-1.8165724770385411e-19,8.46031856150326e-08
173,0.6923236814042223,-4.979452510821585e-08,5.432406717169606e-09,-8.786218777080127e-08,1.1333005180472674e-08,5.34416155876718e-10,-1.4743941495005313e-19,8.786218777080127e-08
174,0.7022732016550537,-5.1820295016448223e-08,5.6059690521849214e-09,-9.147419471158292e-08,1.1676881417137964e-08,5.092387273679637e-10,-1.1980660262015702e-19,9.147419471158292e-08
175,0.7122212943054135,-5.426798406538605e-08,4.981114739099259e-09,-9.569714834341743e-08,1.1211609563107708e-08,4.80846615873591e-10,-9.746341536003263e-20,9.569714834341743e-08
176,0.7221679500110973,-5.669666170088075e-08,4.288910501750338e-09,-9.984755428883628e-08,1.0623656845229777e-08,4.5136242196473646e-10,-7.936825372932815e-20,9.984755428883628e-08
177,0.7321131610151015,-5.9327716207308696e-08,5.972739418825998e-09,-1.0425608992157469e-07,1.2351976904094185e-08,4.25380233813625e-10,-6.47077193407054e-20,1.0425608992157469e-07
178,0.7420569154957535,-6.16950520134921e-08,6.21492411199837e-09,-1.0817273825630213e-07,1.281201675403454e-08,3.9649889095385003e-10,-5.2806117015513234e-20,1.0817273825630213e-07
179,0.7519992014038325,-6.458913178548537e-08,7.83069370627867e-09,-1.1283517621044444e-07,1.4580130386053921e-08,3.6894708833634805e-10,-4.3142009412436596e-20,1.1283517621044444e-07
180,0.7619400059844613,-6.742773477217556e-08,7.05380491115736e-09,-1.173678261528562e-07,1.4118225668617335e-08,3.3399807517305336e-10,-3.5276353167013434e-20,1.173678261528562e-07
181,0.7718793116038026,-7.074766148370038e-08,6.947091352668597e-09,-1.2256532281108732e-07,1.4328827251080166e-08,2.986919779513524e-10,-2.8874681490776255e-20,1.2256532281108732e-07
182,0.7818171022406405,-7.445623654014592e-08,6.490947195055781e-09,-1.2837388838685334e-07,1.4078846948612103e-08,2.598688600451282e-10,-2.365423359071156e-20,1.2837388838685334e-07
183,0.791753356992931,-7.881351504104983e-08,8.508614928569043e-09,-1.350509009424452e-07,1.6333290541588325e-08,2.2250963620411218e-10,-1.940086340193287e-20,1.350509009424452e-07
184,0.8016880537942684,-8.330351853382752e-08,7.276198834549345e-09,-1.4183662840935917e-07,1.539480705099213e-08,1.7520145598535434e-10,-1.5922312526597275e-20,1.4183662840935917e-07
185,0.8116211715918191,-8.821500896780706e-08,1.124164471492257e-08,-1.491621828220024e-07,1.9375651904655565e-08,1.3788878691232457e-10,-1.3081680452840924e-20,1.491621828220024e-07
186,0.821552679892781,-9.323367146500466e-08,1.1833630262742488e-08,-1.5657173536840388e-07,2.0514109788761077e-08,8.781481814624934e-11,-1.0758865613250724e-20,1.5657173536840388e-07
187,0.8314825550610474,-9.886333145418136e-08,1.1851222742021349e-08,-1.6479783823448338e-07,2.0901817709044632e-08,3.4738055500135935e-11,-8.853996540712069e-21,1.6479783823448338e-07
188,0.8414107631229872,-1.0599914832998798e-07,1.5402935452733427e-08,-1.7512878953002145e-07,2.4648478836929992e-08,-1.6285760581276416e-11,-7.294184764253763e-21,1.7512878953002145e-07
189,0.851337271807381,-1.137706935030802e-07,1.564713485901434e-08,-1.8633246056826485e-07,2.5498343480341374e-08,-8.688270585431836e-11,-6.016601858070182e-21,1.8633246056826485e-07
190,0.861262044028687,-1.2304552299836008e-07,1.807655124666622e-08,-1.996859571690259e-07,2.8272592108953286e-08,-1.6109136012355893e-10,-4.965038155532477e-21,1.996859571690259e-07
191,0.8711850447481982,-1.32855184941305e-07,1.6643113052631893e-08,-2.1344690137592474e-07,2.777781580304929e-08,-2.411555114489662e-10,-4.097974689658843e-21,2.1344690137592474e-07
192,0.8811062316526009,-1.450587466465321e-07,1.9235139072178756e-08,-2.3084158590655453e-07,3.067336795663239e-08,-3.356279002591174e-10,-3.393897894625524e-21,2.3084158590655453e-07
193,0.8910255592716221,-1.611721099955979e-07,2.5548857895117396e-08,-2.5396034060122827e-07,3.703765395269956e-08,-4.448810959891029e-10,-2.8086419623742753e-21,2.5396034060122827e-07
194,0.9009429845474467,-1.8023948377156854e-07,2.568362250957946e-08,-2.8054866550598464e-07,3.842501411531838e-08,-5.588739238999125e-10,-2.3219577578233665e-21,2.8054866550598464e-07
195,0.91085845389405,-2.0612446684367883e-07,4.774800794371843e-08,-3.169274859140512e-07,5.821732408770688e-08,-6.912593090541101e-10,-1.939975689174388e-21,3.169274859140512e-07
196,0.9207719157820895,-2.5779339316571374e-07,6.888391393053553e-08,-3.9340367839191666e-07,7.803457875756403e-08,-8.780640373729114e-10,-1.6091816056314476e-21,3.9340367839191666e-07
197,0.9306833175257317,-2.8455145108470585e-07,8.396679562755414e-08,-4.272526346988866e-07,9.34122071966815e-08,-1.1143076209712314e-09,-1.3310064646788875e-21,4.272526346988866e-07
198,0.9405925964928253,-3.403703449303787e-07,1.0214317904804122e-07,-5.046698633776115e-07,1.0686812351473734e-07,-1.1386643723750408e-09,-1.1295833807457187e-21,5.046698633776115e-07
199,0.9504996933920147,-1.5713317849202947e-06,-1.4473082361549777e-06,-2.74495706836529e-06,-1.067031823590427e-06,-2.6061589715233856e-09,-9.620666091720908e-22,2.74495706836529e-06
200,0.9604045413619378,-1.3830628414953276e-06,-1.604897356794506e-06,-2.534664481714008e-06,-1.2085825806568881e-06,-3.2207495252257694e-09,-7.759345899748873e-22,2.534664481714008e-06
201,0.970307070712698,2.3263856468668833e-06,2.3808072812247888e-06,4.2054492575796796e-06,1.7970140663399843e-06,4.714322100779322e-09,-5.248546842932521e-22,4.2054492575796796e-06
202,0.9802072088304364,-3.9655585501242475e-07,2.788640897028875e-07,-4.724839310729494e-07,2.414218919212767e-07,-1.4353941353559526e-09,-4.778839457359945e-22,4.724839310729494e-07
203,0.9901048859059101,-1.9519460193498096e-07,-3.706110217592531e-07,-2.145698505172297e-07,-2.7496826815533086e-07,-1.4521045856299181e-09,-2.541442796314924e-22,3.706110217592531e-07
204,1.0,-5.485180069185327e-07,9.226027696486226e-08,-7.262646426929e-07,1.6280628054329116e-07,-1.1740053700294007e-09,-2.194035767815155e-22,7.262646426929e-07
205,0.0,0.0,0.0,0.0,0.0,0.0,0.0,0.0
206,0.99010488583018,6.633259366329111e-05,-2.3962008367681716e-05,9.426942143243886e-05,-6.796110873593846e-05,-1.5641748758801524e-05,-2.3005021383928145e-20,9.426942143243886e-05
207,0.9802072087012746,-1.0413016737688875e-05,1.0762790207750908e-05,-2.1748960514266373e-05,-1.8304339962584105e-05,-1.7963080053322743e-06,-3.767182195103986e-21,2.1748960514266373e-05
208,0.9703070705110818,-1.2808904753897542e-05,-2.3927863095886817e-05,-4.215827494029478e-05,-2.2482839201282287e-05,5.553854488682382e-06,6.311936884631025e-22,4.215827494029478e-05
209,0.9604045410907524,2.378162385447373e-06,-1.3302431977534524e-05,-5.730148376365992e-06,-1.2090110724089302e-05,6.606525908610515e-08,4.010405937255799e-23,1.3302431977534524e-05
210,0.9504996930532507,-1.4446298884258912e-06,2.073848156543349e-06,-2.3945125545867517e-06,1.7804717402606838e-06,-6.478446855456959e-08,5.4449382481703326e-24,2.3945125545867517e-06
211,0.9405925960792868,-3.7103364648936963e-07,2.6904550947699385e-07,-5.567608989136456e-07,2.3124581579854843e-07,2.658616552124073e-08,6.3544632531604815e-24,5.567608989136456e-07
212,0.9306833170590191,-2.771451301854741e-07,1.0178879378710582e-07,-4.017817716405885e-07,1.102200108166198e-07,-6.1684556266959794e-09,2.1099740857554277e-24,4.017817716405885e-07
213,0.9207719152579859,-2.960418602121658e-07,2.6232328537907997e-08,-4.5074159898736084e-07,4.723872212076731e-08,-1.618223966400243e-09,3.2958527521918133e-24,4.5074159898736084e-07
214,0.910858453323387,-2.7322852835858497e-07,9.675343124678233e-10,-4.2181365120258757e-07,2.304986627186465e-08,-1.0680785747889534e-09,3.7025654023085305e-24,4.2181365120258757e-07
215,0.9009429839263966,-2.3805378874536072e-07,6.9723266630473285e-09,-3.6641505818748475e-07,2.6014417391317556e-08,-1.286414588260738e-09,3.586094001161153e-24,3.6641505818748475e-07
216,0.8910255586008076,-2.2494657307653014e-07,2.2413396786921227e-09,-3.513422443301416e-07,2.0967649330043993e-08,-9.98943147259254e-10,4.100587014939479e-24,3.513422443301416e-07
217,0.8811062309314138,-2.1133407721611333e-07,1.689379410171517e-10,-3.344632632105783e-07,1.8568910573973067e-08,-1.0042246023978133e-09,4.644833655581106e-24,3.344632632105783e-07
218,0.8711850439771167,-1.9374556610254703e-07,3.728084672627483e-09,-3.086069968345772e-07,2.0656581611987227e-08,-7.886793019530492e-10,5.0337635854899105e-24,3.086069968345772e-07
219,0.86126204317495,-1.8320639853680657e-07,3.0812243676529963e-09,-2.945161923895064e-07,1.8797682183902045e-08,-6.910639705281973e-10,5.600378521698183e-24,2.945161923895064e-07
220,0.8513372708998309,-1.7481414401806638e-07,1.7838155411132273e-09,-2.8357163392062734e-07,1.679782602454351e-08,-6.204894656981856e-10,6.278797055482647e-24,2.8357163392062734e-07
221,0.8414107621536647,-1.6586720211045146e-07,2.09804377681094e-09,-2.70974603169996e-07,1.6393381796216144e-08,-5.05233272095748e-10,6.956578271989967e-24,2.70974603169996e-07
222,0.8314825540294565,-1.583933697247417e-07,2.015141745759019e-09,-2.606577263888211e-07,1.5727825634595854e-08,-4.268774955224796e-10,7.752579321991719e-24,2.606577263888211e-07
223,0.8215526788075067,-1.518850759624175e-07,1.6941178925777647e-09,-2.5174661680860843e-07,1.4887931548054233e-08,-3.571596554655209e-10,8.661925609824216e-24,2.5174661680860843e-07
224,0.8116211704484549,-1.456605072933061e-07,1.998967109505343e-09,-2.4298493971258377e-07,1.4681415139010896e-08,-2.777205466240702e-10,9.651638136024456e-24,2.4298493971258377e-07
225,0.801688052595607,-1.4068451629990402e-07,1.6982028002920982e-09,-2.3613187703526327e-07,1.3862316673720196e-08,-2.1503242837405584e-10,1.0780166697819837e-23,2.3613187703526327e-07
226,0.7917533557402486,-1.3601051574971413e-07,1.4647295793799268e-09,-2.2957439664370027e-07,1.3302961987496854e-08,-1.5363294968102755e-10,1.2065058664201275e-23,2.2957439664370027e-07
227,0.7818171009316631,-1.3134931781412331e-07,1.7460839794249273e-09,-2.2297002296570604e-07,1.3346539215409973e-08,-9.402129760316367e-11,1.3494681637086973e-23,2.2297002296570604e-07
228,0.7718793102344086,-1.2712473423939158e-07,1.952929309054075e-09,-2.1697265870506474e-07,1.3146623945186097e-08,-3.731726186550386e-11,1.5104387058085946e-23,2.1697265870506474e-07
229,0.7619400045632136,-1.2397003920840923e-07,1.4961635800867797e-09,-2.125939982332358e-07,1.228376506016491e-08,1.2893816721722451e-11,1.6948351616849684e-23,2.125939982332358e-07
230,0.7519991999240196,-1.2105407466429808e-07,1.2625635113251243e-09,-2.0850596281798768e-07,1.183841661062334e-08,5.945864691926049e-11,1.903183045849207e-23,2.0850596281798768e-07
231,0.7420569139685426,-1.1806643712869643e-07,1.7688919215703296e-09,-2.0423069529211615e-07,1.2087324625289775e-08,1.0749038858626816e-10,2.137409887345225e-23,2.0423069529211615e-07
232,0.732113159426416,-1.1561016535108477e-07,1.6802796324346526e-09,-2.007869334317196e-07,1.1757290630248723e-08,1.5249268604941962e-10,2.404380171327333e-23,2.007869334317196e-07
233,0.7221679483608356,-1.1292540464838061e-07,1.681726884195388e-09,-1.9683039378058956e-07,1.1637877953066608e-08,1.9817560069942006e-10,2.710147530025182e-23,1.9683039378058956e-07
234,0.7122212926073156,-1.1066182855592031e-07,1.9582592199937524e-09,-1.9360853038745755e-07,1.1848401971364048e-08,2.3609698834311166e-10,3.0589874541800993e-23,1.9360853038745755e-07
235,0.7022731999000958,-1.085933392372246e-07,2.2230264488717956e-09,-1.9063120246614947e-07,1.2015810478084898e-08,2.753797154356469e-10,3.4537146576417026e-23,1.9063120246614947e-07
236,0.6923236795979286,-1.0645838091885304e-07,2.2403291335754004e-09,-1.8741961593850925e-07,1.1769853340657499e-08,3.184166705841947e-10,3.905219173858807e-23,1.8741961593850925e-07
237,0.6823727368032297,-1.0467172147688734e-07,2.226851477832929e-09,-1.848876915393241e-07,1.1700393934858348e-08,3.536667105178601e-10,4.427107201011965e-23,1.848876915393241e-07
238,0.6724203752258999,-1.0314337421988538e-07,2.1993632590241727e-09,-1.8269832057073314e-07,1.1571159632219558e-08,3.883957305446175e-10,5.024390597592908e-23,1.8269832057073314e-07
239,0.6624666007591165,-1.0183317431943015e-07,2.0623650972092153e-09,-1.808079325071371e-07,1.1329379238095112e-08,4.2109451519998667e-10,5.712371421106584e-23,1.808079325071371e-07
240,0.6525114152960629,-1.005229569106572e-07,1.7545103199013423e-09,-1.789394511409212e-07,1.092696928367995e-08,4.519938883309287e-10,6.501796462518002e-23,1.789394511409212e-07
241,0.6425548184644789,-9.904352830305209e-08,1.8664408864520247e-09,-1.7674112287438054e-07,1.0826438518573432e-08,4.873326797603857e-10,7.404675834339768e-23,1.7674112287438054e-07
242,0.6325968138346085,-9.815172097925534e-08,1.3946837940404809e-09,-1.754858308221546e-07,9.837268852983212e-09,5.233682535256347e-10,8.446590363520806e-23,1.754858308221546e-07
243,0.6226374001373497,-9.724930332304443e-08,1.1741344533188214e-09,-1.741388444958788e-07,9.626424120174635e-09,5.578020706146746e-10,9.67185416213654e-23,1.741388444958788e-07
244,0.6126765756197974,-9.585085678731401e-08,1.460283302382956e-09,-1.7202698647321355e-07,1.0167086130558861e-08,5.853107038483903e-10,1.109667358307476e-22,1.7202698647321355e-07
245,0.6027143402539177,-9.495375562366213e-08,1.433538247098584e-09,-1.7065931768063434e-07,9.869409982647364e-09,6.16438333938582e-10,1.2735862182121278e-22,1.7065931768063434e-07
246,0.592750693193475,-9.415666237407509e-08,1.452118393737962e-09,-1.694638928404621e-07,9.804731774159681e-09,6.46483556326648e-10,1.4652541713035296e-22,1.694638928404621e-07
247,0.5827856313067526,-9.384026844005947e-08,1.1299169070700783e-09,-1.6910028999752888e-07,9.052362513755951e-09,6.780836278798238e-10,1.687966687457042e-22,1.6910028999752888e-07
248,0.5728191526028106,-9.323448482324459e-08,1.3601395118843843e-09,-1.6814363932998624e-07,9.452318264340536e-09,7.098082587124989e-10,1.9515566708019556e-22,1.6814363932998624e-07
249,0.5628512569017231,-9.226932819623815e-08,1.4586780843672232e-09,-1.6663081287293673e-07,9.65239791069284e-09,7.387603580130563e-10,2.2610518757576264e-22,1.6663081287293673e-07
250,0.5528819418182068,-9.110450351048224e-08,1.868094853059808e-09,-1.6471150814747433e-07,1.0102740754817085e-08,7.715588269313276e-10,2.6248883388522206e-22,1.6471150814747433e-07
251,0.5429112056327131,-9.047637120154277e-08,1.5972237665724196e-09,-1.6376507184956733e-07,9.630604692180053e-09,8.006736279118922e-10,3.054160169643275e-22,1.6376507184956733e-07
252,0.5329390496012941,-8.981755557858279e-08,1.6181752414103038e-09,-1.6273193247275685e-07,9.58965664739936e-09,8.315813027569285e-10,3.5627620112921526e-22,1.6273193247275685e-07
253,0.5229654745547798,-8.966105414677899e-08,1.3497899119777907e-09,-1.6259872452260188e-07,9.03737332074802e-09,8.593963993075432e-10,4.1645953667097207e-22,1.6259872452260188e-07
254,0.5129904816483042,-8.93793097058873e-08,1.459710134351485e-09,-1.6216054646757684e-07,9.097976821679354e-09,8.917725426904892e-10,4.881833582460358e-22,1.6216054646757684e-07
255,0.5030140740261183,-8.901550489701417e-08,1.5446546862702609e-09,-1.6163070022370322e-07,9.196719925356272e-09,9.21468694420586e-10,5.740680597436387e-22,1.6163070022370322e-07
256,0.4930362582830874,-8.829883279261716e-08,1.7948435768986749e-09,-1.6043895942542424e-07,9.512046042402735e-09,9.543124246373623e-10,6.770853929548049e-22,1.6043895942542424e-07
257,0.483057041536239,-8.769824701574439e-08,1.9340759968258073e-09,-1.5948583194010466e-07,9.701810363185932e-09,9.850863873390656e-10,8.012600627019455e-22,1.5948583194010466e-07
258,0.47307643296699775,-8.689928900372872e-08,1.8923534302286135e-09,-1.5821224368188981e-07,9.685977168068363e-09,1.0146483595208794e-09,9.513269554534052e-22,1.5821224368188981e-07
259,0.463094444947318,-8.660093406823837e-08,1.898992349951662e-09,-1.5783386565787135e-07,9.418654959082278e-09,1.0467476582248562e-09,1.1318418473757302e-21,1.5783386565787135e-07
260,0.4531110948784052,-8.69316926464198e-08,1.375699211150111e-09,-1.5859940175868977e-07,8.694649754472805e-09,1.0758551291966288e-09,1.3517220768782297e-21,1.5859940175868977e-07
261,0.44312640165990447,-8.613322458003531e-08,1.630954693395715e-09,-1.572927388197031e-07,9.119594315582387e-09,1.1099966489620263e-09,1.6208510912322113e-21,1.572927388197031e-07
262,0.4331403891138494,-8.576435316368246e-08,1.5099839376024467e-09,-1.56878050375905e-07,8.765404019582683e-09,1.1415537280871067e-09,1.9491587339350853e-21,1.56878050375905e-07
263,0.4231530855525473,-8.548742354832134e-08,1.3406936149604013e-09,-1.5655025923550165e-07,8.527123763112947e-09,1.1764451321188418e-09,2.3534101385170714e-21,1.5655025923550165e-07
264,0.41316452636063977,-8.533532741083869e-08,1.3128524054587175e-09,-1.5650181748220369e-07,8.319142084136035e-09,1.210178129230001e-09,2.8520753425211017e-21,1.5650181748220369e-07
265,0.4031747509935614,-8.529030684742998e-08,1.3393872674216643e-09,-1.5671979403946103e-07,8.355376889762545e-09,1.2407779539095551e-09,3.47249286423514e-21,1.5671979403946103e-07
266,0.3931838063645967,-8.541061827528825e-08,1.0716769119965425e-09,-1.5719551254666117e-07,8.015328956522055e-09,1.2748123987064235e-09,4.2441731341320886e-21,1.5719551254666117e-07
267,0.3831917477947701,-8.447284862096959e-08,1.3921255861073276e-09,-1.5577109506083584e-07,8.436004255420806e-09,1.3117924765563677e-09,5.213621995410311e-21,1.5577109506083584e-07
268,0.37319863880152093,-8.475601544783328e-08,1.2090230015901167e-09,-1.5673230394970694e-07,7.823389164733475e-09,1.3502904330379787e-09,6.422268468714735e-21,1.5673230394970694e-07
269,0.3632045516862651,-8.453750635289365e-08,1.3616880285029997e-09,-1.5667724832219222e-07,8.269162007311204e-09,1.3895557318451127e-09,7.96181768667572e-21,1.5667724832219222e-07
270,0.3532095716655414,-8.444617158935899e-08,1.091796957431266e-09,-1.5704213566685236e-07,7.835027677633818e-09,1.4222655895137347e-09,9.912773586738838e-21,1.5704213566685236e-07
271,0.3432137934155042,-8.412468855022804e-08,1.185265956190536e-09,-1.569596446212107e-07,8.047115797190942e-09,1.4570489060035852e-09,1.2407409409628634e-20,1.569596446212107e-07
272,0.3332173281650474,-8.435184436989453e-08,9.69360763594027e-10,-1.5797496807238828e-07,7.513750628292373e-09,1.4979509650076579e-09,1.5564722818716217e-20,1.5797496807238828e-07
273,0.32322030091462295,-8.500969551513918e-08,7.79422356759571e-10,-1.5986712662413445e-07,7.19083852999089e-09,1.5412675597305681e-09,1.9595466701456768e-20,1.5986712662413445e-07
274,0.3132228543676948,-8.569229710178606e-08,7.151991681233765e-10,-1.6190516691752963e-07,7.224955381257895e-09,1.5800227194335734e-09,2.4771508917212293e-20,1.6190516691752963e-07
275,0.30322515094541974,-8.607246851088809e-08,7.33494003560011e-10,-1.634341185590608e-07,7.520872167779248e-09,1.620335569490126e-09,3.1413387467122877e-20,1.634341185590608e-07
276,0.2932273752288534,-8.658138626433373e-08,4.5935783465363733e-10,-1.6538921071327874e-07,7.428161170110002e-09,1.6609089408868415e-09,3.9857037424159646e-20,1.6538921071327874e-07
277,0.28322973706905646,-8.739364239401534e-08,-2.976609741071491e-10,-1.6817903127002666e-07,6.774060953066377e-09,1.699306815956601e-09,5.0467871650781227e-20,1.6817903127002666e-07
278,0.27323247586145144,-8.977518732465465e-08,-2.36826675465103e-09,-1.7425276056142325e-07,4.6449005293354196e-09,1.7392208941843723e-09,6.33268722117069e-20,1.7425276056142325e-07
279,0.2632358604220335,-9.31577303320715e-08,-7.0510366881468375e-09,-1.8280944723446588e-07,1.2786956248963373e-10,1.768643262626919e-09,7.832311686693276e-20,1.8280944723446588e-07
280,0.25324020253031365,-9.510794156039522e-08,-1.744307242407852e-08,-1.895618204264957e-07,-1.0117810877093459e-08,1.782259876318373e-09,9.432253959701218e-20,1.895618204264957e-07
281,0.24324585272856705,-8.670615189841046e-08,-4.308669343245888e-08,-1.7692954847839628e-07,-3.749519672944625e-08,1.7693792375983293e-09,1.0762551710966889e-19,1.7692954847839628e-07
282,0.2332532147894953,-3.17219670769646e-08,-9.236103184150214e-08,-6.634390274871357e-08,-9.567106489005139e-08,1.7172048637115068e-09,1.0700794623126329e-19,9.567106489005139e-08
283,0.22326274906558055,9.00349617589467e-08,-2.6913590154978383e-07,1.960089442804578e-07,-3.070681471067355e-07,1.3810046176691436e-09,5.145821996179749e-20,3.070681471067355e-07
284,0.21327498540380732,8.380951955727525e-08,2.0985128169103121e-07,2.300188050330594e-07,2.2123421969428277e-07,-1.9643330889381026e-09,-1.0901230574650108e-18,2.300188050330594e-07
285,0.2032905323748017,-1.7173180593484983e-07,2.1016358922720777e-08,-5.866962607181021e-07,-6.43558775043816e-08,-2.9415680525578717e-08,-4.037370309488097e-18,5.866962607181021e-07
286,0.19331009878920147,-1.4871276455524787e-07,1.0269280003589495e-08,-4.3556806208218606e-07,4.059004435809919e-08,-1.0378013462536245e-08,-7.200076118255685e-19,4.3556806208218606e-07
287,0.18333450549969868,-2.6405331348270064e-08,1.0091753799689443e-07,-6.337126490622051e-08,1.2346737492529544e-07,-1.591727056910272e-08,-1.0807610712644743e-18,1.2346737492529544e-07
288,0.1733647128387056,-1.8548138316101644e-07,-3.0439842203976575e-07,-4.375638721583837e-07,-3.075128409625135e-07,2.128187595931889e-09,-1.6308072476422515e-17,4.375638721583837e-07
289,0.16340185302815757,-9.188567949550986e-08,1.5273568061994283e-07,-1.7196158218821343e-07,1.7213058100825797e-07,2.444097550345844e-08,-5.558818856581715e-18,1.7213058100825797e-07
290,0.15344726908224227,-1.004086967126852e-07,-4.111427611972242e-10,-2.433288014993792e-07,-3.195085833190488e-08,1.4722824417329214e-09,-3.9026255331609486e-19,2.433288014993792e-07
291,0.14350256330656763,-9.129479260375535e-07,-2.6960469177852876e-08,-2.2281115744836916e-06,1.806282499084852e-08,8.509274858975627e-09,-6.615757355888493e-18,2.2281115744836916e-06
292,0.133569679339037,3.1697500096645807e-07,9.09985105131979e-08,9.600404781643856e-07,1.7636217946036277e-07,1.709316595171288e-08,-1.1305605757758878e-17,9.600404781643856e-07
293,0.12365098950869396,4.385690808037743e-07,1.372880104295031e-07,1.1853242056771964e-06,2.4234823384301636e-07,5.452980788334673e-09,-1.9007138781925143e-17,1.1853242056771964e-06
294,0.11374943178757883,-7.055023458879719e-08,-3.634806990154962e-08,-1.9074244693974592e-07,-3.881379829917352e-08,1.4667263545702966e-09,-2.5343262651779063e-17,1.9074244693974592e-07
295,0.10386870755488974,4.882348213311814e-08,4.8918150104467336e-08,1.4333477519695322e-07,6.477695825328186e-08,2.045750807443411e-09,-4.232361846721051e-17,1.4333477519695322e-07
296,0.09401356129771836,9.404180143614717e-08,-1.3809924012183932e-08,2.80727733166274e-07,-1.34331973100774e-08,3.96494947963056e-09,-6.555825451072001e-17,2.80727733166274e-07
297,0.08419020786742286,1.030691128593747e-07,2.3269869787442582e-08,2.9062972912827655e-07,2.9397956845184942e-08,2.5238654030263756e-09,-6.468476504398429e-17,2.9062972912827655e-07
298,0.07440700286433335,1.1960824262142813e-07,8.028447314703476e-09,3.550272991005785e-07,1.193376131332041e-08,3.6039933036671364e-09,2.4196524486396117e-16,3.550272991005785e-07
299,0.0646755325324012,2.402934005955805e-07,-8.432519162883967e-09,6.561336366093216e-07,-8.266854861013074e-09,3.687731376273809e-09,2.2470367089027766e-15,6.561336366093216e-07
300,0.055012498702031475,2.2029454609834552e-07,-9.29566490544524e-09,6.145963397624638e-07,-9.866930357796723e-09,1.384825217659666e-09,-7.579669444907353e-15,6.145963397624638e-07
301,0.045443153800991516,-2.028838408176088e-08,-2.7003489312364622e-09,-1.5928288629214184e-08,-4.693783693017064e-09,6.469526312617896e-17,-2.1706736987863774e-10,2.028838408176088e-08
302,0.036008080678837574,-3.614153978330636e-08,-7.657282724789531e-10,-9.672354076676462e-08,-3.0463762339931647e-09,0.0,-2.17067369878512e-10,9.672354076676462e-08
303,0.026778000454259234,-1.8448046153227084e-09,1.2953404465329832e-09,-2.535844352350788e-08,-1.5152828962711437e-09,0.0,-2.17067369878512e-10,2.535844352350788e-08
304,0.017890475740218563,-4.393187202911264e-16,0.0,3.1129412391763725e-14,-2.537899291232203e-17,0.0,0.0,3.1129412391763725e-14
305,0.009656878754864286,0.0,0.0,0.0,0.0,0.0,0.0,0.0
306,0.0029280046020373667,0.0,0.0,0.0,0.0,0.0,0.0,0.0
307,0.002928004628695131,0.0,0.0,0.0,0.0,0.0,0.0,0.0
308,0.009656878830778867,0.0,0.0,0.0,0.0,0.0,0.0,0.0
309,0.017890475873309455,0.0,0.0,0.0,0.0,0.0,0.0,0.0
310,0.0267780006449475,0.03441549823608509,0.002125295951357486,-0.2712143686328853,-0.4486632170871953,0.0,-2.17067369878512e-10,0.4486632170871953
311,0.03600808092699955,0.005737307092501577,0.00035393677344194765,-0.04521129863290041,-0.07478847438485312,0.0,-2.17067369878512e-10,0.07478847438485312
312,0.04544315410538627,9.89447331647831e-06,-2.319721354343152e-05,-1.913661740280225e-05,8.867211996034566e-07,0.0,-2.17067369878512e-10,2.319721354343152e-05
313,0.05501249906370645,3.427679398226175e-06,-1.7741580684700707e-05,8.049803580408551e-05,-4.557617401890866e-05,-9.711482526071344e-06,8.063288295298221e-09,8.049803580408551e-05
314,0.06467553295054075,-1.2613299019169217e-05,2.7012566241354313e-06,0.00012127011433434972,0.0005646689969247935,8.152198541531396e-06,-2.6155539969975277e-07,0.0005646689969247935
315,0.07440700333898069,-0.00012960758309604482,3.3135605225040386e-05,-0.0002138770258373669,0.0011730929632434459,0.0001104541158687964,-9.167882994678184e-06,0.0011730929632434459
316,0.08419020840001401,-3.1214658452371596e-05,1.6019412975201064e-05,-2.8442442225792494e-05,7.6078141525224685e-06,4.487215029485524e-05,-2.295638493938211e-05,4.487215029485524e-05
317,0.09401356188692885,5.0576526505526824e-05,-1.8176966598387658e-05,0.00028908108826683547,-0.00028740349763292487,-0.00011313416819804576,-1.4745380445147532e-05,0.00028908108826683547
318,0.10386870820108043,3.189584654265126e-05,7.575174541035309e-05,2.6249779103690504e-05,-0.0010651619964708722,7.588564594959503e-06,-3.3916295170260057e-06,0.0010651619964708722
319,0.11374943249048204,-5.444130489003713e-05,7.054883932532013e-05,0.00015338604168859478,-0.0015752919160534863,2.974174897752062e-05,5.693278880813949e-07,0.0015752919160534863
320,0.12365099026841783,3.6307362179488597e-06,-2.0949194941240863e-05,0.0003655286921363446,-0.0017691552997079001,-6.250398710385694e-06,1.140033991084949e-07,0.0017691552997079001
321,0.13356968015527088,-0.003099779954266534,-0.0001918930560183059,-0.0042492583403419435,-0.0005961412625780407,-4.528940579335934e-05,-8.936612568583563e-09,0.0042492583403419435
322,0.1435025641777411,-0.003122669822293587,-0.00014845251546821638,-0.0042894112487082605,-0.0001996318604688885,-0.0001624412552595767,-7.581837069629535e-09,0.0042894112487082605
323,0.15344727001052919,0.0002595735419512093,0.00010641361200571686,0.002290511245336288,0.01114153975693709,0.00016222439561599443,1.5955743190311314e-08,0.01114153975693709
324,0.16340185401186597,0.001593658915271009,0.0007302660119246233,0.01404566747504405,0.06687074274637193,9.407622200489907e-05,-4.399017182963862e-08,0.06687074274637193
325,0.17336471387761648,0.00025201956063356873,0.0001635961629110717,0.0022669794438144753,0.011255308468651,1.6614178641891343e-05,-7.687301119487028e-09,0.011255308468651
326,0.18333450659637918,-1.0834355343436747e-05,-1.0782600161971242e-06,-7.099857283449344e-05,-0.00011859454387188008,-1.4021323767574488e-06,-8.338556227986401e-10,0.00011859454387188008
327,0.19331009994334047,1.5563144173283358e-05,-5.5221073270125e-06,8.892781812990856e-05,-1.8182219402271297e-05,-4.807369706974937e-07,-2.1689210376342685e-09,8.892781812990856e-05
328,0.20329053358506027,-1.8785791140287038e-06,6.724807894627608e-07,-2.8010082555960282e-05,3.252197720688162e-06,3.5295033748740685e-06,-3.4522240931835603e-10,2.8010082555960282e-05
329,0.2132749866687433,-3.2676709233753124e-06,1.5001558446249485e-07,-1.612923719934641e-05,-6.961354459796589e-06,-8.837877992140209e-06,-2.675535994525311e-12,1.612923719934641e-05
330,0.22326275038389795,7.52875676989068e-06,7.136658791238862e-08,1.9072887239548455e-05,7.656330434248531e-07,-5.9882809547646455e-06,3.4092270255425464e-13,1.9072887239548455e-05
331,0.23325321616449693,1.3204106434013389e-06,-1.9512851086822813e-06,3.5282547132757762e-06,-2.6733181684876307e-06,-5.092121418247727e-07,-3.94169992741632e-13,3.5282547132757762e-06
332,0.24324585415782976,3.3174246211877407e-06,9.089649964473422e-07,7.6251972670761896e-06,1.0263091268054719e-06,-2.0177158578649642e-07,-7.893890870059292e-13,7.6251972670761896e-06
333,0.2532402040137527,1.6750252938339588e-06,5.10942171146406e-07,3.485417170262538e-06,5.302144195992765e-07,1.1054752377960774e-07,-1.9691209632720602e-13,3.485417170262538e-06
334,0.26323586196339144,4.450707290879002e-07,1.3041516196695298e-07,7.975805696559438e-07,8.146672682422466e-08,-3.527002379279698e-09,-1.0881021885418471e-13,7.975805696559438e-07
335,0.27323247746215096,1.306861194551561e-06,-1.0505205075718322e-07,2.635323245563544e-06,-1.2602794171352337e-07,3.8680081078127145e-08,-3.319947816091835e-14,2.635323245563544e-06
336,0.2832297387247238,9.617266323793764e-07,-6.193734973060091e-07,1.9213851448302077e-06,-5.759811322127578e-07,2.346099338266626e-08,-1.8571291326745415e-14,1.9213851448302077e-06
337,0.2932273769406551,8.826532758191495e-07,-7.110172443764091e-07,1.8595406421426655e-06,-6.624571832338281e-07,1.2377298836740564e-08,-1.3749289690876966e-14,1.8595406421426655e-06
338,0.30322515271765055,-5.078320321379486e-07,6.589661798808483e-07,-8.940763511644891e-07,6.622292580090855e-07,6.348638404316114e-09,-8.981142338353921e-15,8.940763511644891e-07
339,0.313222856193014,-1.3406027783032217e-06,1.0831709223745853e-07,-2.6151862426640067e-06,7.45622347877597e-08,-3.4122344841100305e-10,-6.289216565509538e-15,2.6151862426640067e-06
340,0.3232203027963086,6.541591265325189e-07,-2.015689534197763e-06,1.2426742154019994e-06,-1.9896978060042784e-06,4.467504162858022e-09,-3.770384842014469e-15,2.015689534197763e-06
341,0.3332173301049513,-4.454734779997976e-08,-2.001451667741404e-06,-2.6139335775409045e-07,-2.020103409547756e-06,6.450955426860957e-09,-1.9856551728620462e-15,2.020103409547756e-06
342,0.3432137954102555,-3.6997654805717526e-07,7.55243665237387e-07,-6.391494088861144e-07,8.318129564193568e-07,1.2854649230311361e-08,-9.955314336233409e-16,8.318129564193568e-07
343,0.3532095737192942,-9.480841854644319e-07,2.151708237807288e-06,-1.774384036336559e-06,2.3260959260309547e-06,-2.937792361865332e-09,-7.241088866128627e-16,2.3260959260309547e-06
344,0.3632045537943491,2.0517312680290927e-07,1.5554738868206084e-06,2.7657708415641386e-07,1.4726007513367733e-06,-4.39517030505212e-08,2.7336402895594095e-17,1.5554738868206084e-06
345,0.3731986409643311,5.941082826605661e-07,-3.286885745484965e-07,1.1413787902104228e-06,-3.433185245504189e-07,7.007921983038379e-10,-4.0325534212420315e-16,1.1413787902104228e-06
346,0.3831917500127638,-1.9847113801884109e-07,-8.932523227454358e-08,-3.20324190836077e-07,-5.8333856120011875e-08,5.48835839492299e-09,-2.7640131277413156e-16,3.20324190836077e-07
347,0.39318380863391494,-2.3685074939088664e-07,1.1623250993021367e-07,-3.928524303150258e-07,1.2234310296312162e-07,4.4667609417959006e-09,-2.267476693391318e-16,3.928524303150258e-07
348,0.4031747533144754,-1.4834578435787638e-07,9.666630056302979e-08,-2.387670020867638e-07,9.99355502987821e-08,3.6282308408359744e-09,-1.7320934204839725e-16,2.387670020867638e-07
349,0.4131645287336001,-8.281685806355382e-08,5.624209434303677e-08,-1.2347485802805746e-07,6.010112918056758e-08,3.0011254987250688e-09,-1.2967317874053612e-16,1.2347485802805746e-07
350,0.42315308798536977,-4.6222693888408536e-08,2.7670692898111632e-08,-5.952326834453e-08,3.1934878472109505e-08,2.530577272384168e-09,-9.721074016177989e-17,5.952326834453e-08
351,0.43314039160150275,-2.7158453087579004e-08,1.244111254023278e-08,-2.711214482717374e-08,1.6710361510038356e-08,2.1709717577103996e-09,-7.329015136145409e-17,2.7158453087579004e-08
352,0.4431264042012629,-1.74893788923669e-08,6.946400064957547e-09,-1.1560484244286335e-08,1.1119074200808598e-08,1.8957363138648974e-09,-5.56389400204447e-17,1.74893788923669e-08
353,0.4531110974761132,-1.3188031941497931e-08,4.755041650143691e-09,-5.59543351929943e-09,8.778304480215875e-09,1.681874870390988e-09,-4.250178593576062e-17,1.3188031941497931e-08
354,0.4630944476041593,-1.1836999463245401e-08,6.126071341107777e-09,-4.772064153396355e-09,1.0068786842767043e-08,1.5149277068905218e-09,-3.264689657680978e-17,1.1836999463245401e-08
355,0.4730764356808704,-1.1688629263115833e-08,6.965098424042087e-09,-5.997757554864897e-09,1.0969524851437312e-08,1.3848197846755925e-09,-2.5203226150329332e-17,1.1688629263115833e-08
356,0.4830570443073074,-1.2685601944571452e-08,4.893295010854854e-09,-9.150464923535072e-09,8.999717684238092e-09,1.276776617070459e-09,-1.9535654858055692e-17,1.2685601944571452e-08
357,0.49303626110825477,-1.420900667010599e-08,2.4536925024594933e-09,-1.3212938164917448e-08,6.684846709084087e-09,1.183563831544346e-09,-1.5204881971132924e-17,1.420900667010599e-08
358,0.503014076866635,-1.595505806113957e-08,1.3952455100924925e-10,-1.7642041475669983e-08,4.334848507733144e-09,1.1046872480625563e-09,-1.1876917588381479e-17,1.7642041475669983e-08
359,0.5129904844281422,-1.8101850128044664e-08,1.732222082435752e-09,-2.2684645139045776e-08,5.826157883898824e-09,1.0403270055185414e-09,-9.309102682030546e-18,2.2684645139045776e-08
360,0.5229654772827211,-2.0170034396288592e-08,3.3097512936585444e-09,-2.7478935302339053e-08,7.438203989536116e-09,9.869309779730295e-10,-7.317499744249167e-18,2.7478935302339053e-08
361,0.532939052276885,-2.2182937306751067e-08,4.429365896739342e-09,-3.201694263358811e-08,8.634512765699205e-09,9.415253158388034e-10,-5.767216977696856e-18,3.201694263358811e-08
362,0.5429112082571138,-2.397480658471662e-08,4.9919481574031574e-09,-3.6069365940688015e-08,9.390190329199121e-09,9.016121560522525e-10,-4.556661104129167e-18,3.6069365940688015e-08
363,0.5528819443917188,-2.549865194186979e-08,3.5794461959945976e-09,-3.968475128324651e-08,8.113882443905056e-09,8.640314328225778e-10,-3.6085213359217265e-18,3.968475128324651e-08
364,0.5628512594138629,-2.730533640369017e-08,3.6299108245535638e-09,-4.3696776768209906e-08,8.207039075955143e-09,8.322625243997333e-10,-2.864203553052809e-18,4.3696776768209906e-08
365,0.5728191550571956,-2.9099998105451772e-08,3.726650140965081e-09,-4.758095300372765e-08,8.445869250152961e-09,8.029613052299634e-10,-2.278190185625208e-18,4.758095300372765e-08
366,0.5827856337129814,-3.0845346304640303e-08,2.9854000325356e-09,-5.13694742350315e-08,7.774136198142693e-09,7.734752508563102e-10,-1.815585454759274e-18,5.13694742350315e-08
367,0.5927506955448977,-3.29479057759658e-08,3.6483607413180445e-09,-5.5665687456609826e-08,8.475547805773367e-09,7.467286734330603e-10,-1.4497232322928854e-18,5.5665687456609826e-08
368,0.6027143425513377,-3.444871399328618e-08,4.276751036882019e-09,-5.888464004165883e-08,9.2906899790614e-09,7.233958203104179e-10,-1.1596573250774047e-18,5.888464004165883e-08
369,0.6126765778571047,-3.5957067268055336e-08,3.0030694343298424e-09,-6.210219672825868e-08,8.085516101824886e-09,6.99330932739723e-10,-9.291734576282191e-19,6.210219672825868e-08
370,0.6226374023231162,-3.7660388993101e-08,4.736736642158968e-09,-6.55554630985283e-08,9.850498281913653e-09,6.794969648850848e-10,-7.458043726455708e-19,6.55554630985283e-08
371,0.6325968159668962,-3.919492089473558e-08,3.917289750527503e-09,-6.869243635313173e-08,9.226499475332506e-09,6.573519022856909e-10,-5.995574073123991e-19,6.869243635313173e-08
372,0.6425548205427798,-4.10398958824283e-08,3.607965967604164e-09,-7.22704014344419e-08,9.00716240846501e-09,6.34268352535671e-10,-4.827143559505688e-19,7.22704014344419e-08
373,0.6525114173211151,-4.2742357394795715e-08,4.704730629596505e-09,-7.551709605141502e-08,1.0202235329072273e-08,6.141348205585841e-10,-3.8922229060839373e-19,7.551709605141502e-08
374,0.6624666027279849,-4.433102562532754e-08,3.2723085855667424e-09,-7.864939069905754e-08,8.965034363605842e-09,5.898074508051131e-10,-3.142741451885796e-19,7.864939069905754e-08
375,0.6724203771374981,-4.644543858040279e-08,4.118048729460451e-09,-8.253578020809096e-08,9.745385235566365e-09,5.690784888405709e-10,-2.5411773971244988e-19,8.253578020809096e-08
376,0.6823727386641666,-4.824225729561808e-08,8.23582404807874e-09,-8.57099415293428e-08,1.395654453464816e-08,5.542595173420387e-10,-2.0576504975405167e-19,8.57099415293428e-08
377,0.6923236814042223,-4.9714787617838306e-08,5.922469692229879e-09,-8.841870711889602e-08,1.2041355735639531e-08,5.281827055257869e-10,-1.668015446766461e-19,8.841870711889602e-08
378,0.7022732016550537,-5.156149918652919e-08,4.887650636933484e-09,-9.171109287227554e-08,1.1169495410800879e-08,5.032117973172594e-10,-1.3538601978661944e-19,9.171109287227554e-08
379,0.7122212943054135,-5.3797292716315775e-08,4.36718550892491e-09,-9.556290783006537e-08,1.0766814307046181e-08,4.78844774513087e-10,-1.1002633012107546e-19,9.556290783006537e-08
380,0.7221679500110973,-5.632388910250249e-08,3.931595614634207e-09,-9.983854854785892e-08,1.0513046348694157e-08,4.507038695140215e-10,-8.952184338246531e-20,9.983854854785892e-08
381,0.7321131610151015,-5.890668016260091e-08,4.356175228918633e-09,-1.0414262103371954e-07,1.098192136658877e-08,4.2415515767797856e-10,-7.292095097563947e-20,1.0414262103371954e-07
382,0.7420569154957535,-6.144078772301948e-08,5.565245078137199e-09,-1.0830821809700219e-07,1.233129233243003e-08,3.980128358808374e-10,-5.946871181101545e-20,1.0830821809700219e-07
383,0.7519992014038325,-6.412296761182193e-08,5.921026904609853e-09,-1.1268850854856228e-07,1.2787276819576903e-08,3.7025597735355144e-10,-4.855041836453491e-20,1.1268850854856228e-07
384,0.7619400059844613,-6.70208493342823e-08,6.958735702169549e-09,-1.172359922674175e-07,1.4083502567276605e-08,3.413050059635881e-10,-3.968253583676062e-20,1.172359922674175e-07
385,0.7718793116038026,-6.999287145859297e-08,5.963202608096546e-09,-1.2190296504348837e-07,1.338318250096201e-08,3.07098870757299e-10,-3.246389011584012e-20,1.2190296504348837e-07
386,0.7818171022406405,-7.34825620356051e-08,5.068005865505585e-09,-1.2730130768402004e-07,1.2802840453006838e-08,2.6943513919781654e-10,-2.6586330319152446e-20,1.2730130768402004e-07
387,0.791753356992931,-7.77102710193034e-08,6.107822625186942e-09,-1.33824940678815e-07,1.3877598957420201e-08,2.327364582650058e-10,-2.179735056386934e-20,1.33824940678815e-07
388,0.8016880537942684,-8.216891651795357e-08,6.2726432355938015e-09,-1.4054295271958215e-07,1.4416242907024806e-08,1.9066306623723498e-10,-1.7890150874115808e-20,1.4054295271958215e-07
389,0.8116211715918191,-8.694054170755861e-08,7.862328480566518e-09,-1.4766516616918394e-07,1.6142403572262248e-08,1.4809888090416705e-10,-1.4695740030894592e-20,1.4766516616918394e-07
390,0.821552679892781,-9.196682222686603e-08,1.0312193417905451e-08,-1.5506018424290686e-07,1.8783788637881755e-08,1.0571575398277824e-10,-1.2086516222100186e-20,1.5506018424290686e-07
391,0.8314825550610474,-9.70882229359792e-08,8.743567148060909e-09,-1.625314499640077e-07,1.7787650495533893e-08,5.329546098499465e-11,-9.947890729867066e-21,1.625314499640077e-07
392,0.8414107631229872,-1.0373975234468749e-07,1.0955831548936511e-08,-1.7221446493712753e-07,2.0102535852066807e-08,7.520409592741045e-15,-8.196654021859319e-21,1.7221446493712753e-07
393,0.851337271807381,-1.1123084795911089e-07,1.278090723520344e-08,-1.8300298148725573e-07,2.2290672051489166e-08,-6.035870655090004e-11,-6.762985277145058e-21,1.8300298148725573e-07
394,0.861262044028687,-1.1953108210283877e-07,1.2953752501657958e-08,-1.947565492252078e-07,2.2971168279207988e-08,-1.2664022686432855e-10,-5.583215153226275e-21,1.947565492252078e-07
395,0.8711850447481982,-1.293420800902865e-07,1.3683282407150859e-08,-2.0879862091546271e-07,2.4278727114512268e-08,-2.1463630232929067e-10,-4.6124403327036626e-21,2.0879862091546271e-07
396,0.8811062316526009,-1.4012723634062218e-07,1.1242214486655346e-08,-2.2407675254124056e-07,2.2609391405574436e-08,-3.070865075910575e-10,-3.8174915495753814e-21,2.2407675254124056e-07
397,0.8910255592716221,-1.533681833460674e-07,1.3899816634629607e-08,-2.422625299898553e-07,2.5503185870746134e-08,-3.8289917903656817e-10,-3.1620343599189604e-21,2.422625299898553e-07
398,0.9009429845474467,-1.7184684123207403e-07,1.5353508689054826e-08,-2.689418152621972e-07,2.7407145326527057e-08,-5.380057685800608e-10,-2.6183190501434013e-21,2.689418152621972e-07
399,0.91085845389405,-1.9697020748331296e-07,2.3570634335706367e-08,-3.0528108028572866e-07,3.4771964889791254e-08,-6.765561089403343e-10,-2.1819604824296547e-21,3.0528108028572866e-07
400,0.9207719157820895,-2.1659423855387747e-07,3.7886206304609153e-08,-3.292798429649538e-07,4.9022436587240975e-08,-7.473586427834661e-10,-1.8165484399534783e-21,3.292798429649538e-07
401,0.9306833175257317,-2.771760737955198e-07,4.873410215503007e-08,-4.18639660583019e-07,5.942644839959116e-08,-1.0787282913374786e-09,-1.5023201176942764e-21,4.18639660583019e-07
402,0.9405925964928253,-3.6318491140503064e-07,2.9738729803946468e-08,-5.537378304891457e-07,4.491553517085255e-08,-1.3501892670535092e-09,-1.2666093171318362e-21,5.537378304891457e-07
403,0.9504996933920147,-1.1212128619150079e-07,3.074191893527175e-07,-1.1489795422308062e-07,2.629886306738513e-07,-9.843799294755255e-10,-1.0625658544477358e-21,3.074191893527175e-07
404,0.9604045413619378,-2.0661917348817893e-06,-2.219491296977725e-06,-3.644388737610525e-06,-1.6305978090459444e-06,-2.1270226655779206e-09,-9.356457926747563e-22,3.644388737610525e-06
405,0.970307070712698,1.8300607071300413e-06,1.2472134381328556e-06,3.18976322480374e-06,9.138943734729708e-07,4.920321047372427e-09,-6.512098572832893e-22,3.18976322480374e-06
406,0.9802072088304364,-5.677196712300547e-07,2.0478381606244548e-07,-7.168686019940285e-07,1.308938049004945e-07,-1.995935331022059e-09,-5.594167227655805e-22,7.168686019940285e-07
407,0.9901048859059101,-9.037860682608939e-07,-7.029319293376473e-08,-1.120005406408798e-06,2.0353026852587265e-08,-1.9593140220900017e-09,-5.5826250277322385e-22,1.120005406408798e-06
408,1.0,7.1872965079040145e-06,3.6601085008041433e-06,1.2915354048223528e-05,-3.520466480271128e-05,-5.363958327208859e-06,-3.9416313772518905e-20,3.520466480271128e-05
409,1.0,-8.633899054421013e-07,1.8306422292453526e-05,2.569989649891782e-06,1.4764746185884138e-05,-2.421993678186101e-07,-8.748924835867243e-21,1.8306422292453526e-05
