node,x_c,side,regime,region,F_delta,F_A,F_B,F_Psi,F_Ct1,F_Ct2,F_max
0,1.000000,-1,turbulent,te_band,-1.130640e-06,-1.007365e-07,-1.527849e-06,-1.749314e-08,-3.528735e-09,8.304981e-24,1.527849e-06
1,0.000000,-1,inflow_pin,le_inflow,0.000000e+00,0.000000e+00,0.000000e+00,0.000000e+00,0.000000e+00,0.000000e+00,0.000000e+00
2,0.990105,1,turbulent,te_band,-1.250055e-06,-1.434033e-08,-1.709994e-06,1.463520e-07,-4.358116e-09,6.122839e-25,1.709994e-06
3,0.980207,1,turbulent,te_band,-1.114141e-06,7.826043e-08,-1.506148e-06,1.531952e-07,-4.814175e-09,3.286505e-25,1.506148e-06
4,0.970307,1,turbulent,te_band,-5.423646e-07,-4.448357e-08,-7.825625e-07,-2.269951e-08,-4.140468e-09,1.009260e-24,7.825625e-07
5,0.960405,1,turbulent,te_band,-3.580928e-07,-8.070278e-09,-5.077479e-07,2.487022e-08,-2.192971e-09,6.153543e-25,5.077479e-07
6,0.950500,1,turbulent,te_band,-3.699562e-07,-1.432419e-08,-5.474334e-07,2.019647e-08,-2.268003e-09,1.244932e-24,5.474334e-07
7,0.940593,1,turbulent,te_band,-3.777768e-07,-9.697866e-09,-5.633729e-07,2.390826e-08,-2.138170e-09,1.674597e-24,5.633729e-07
8,0.930683,1,turbulent,te_band,-3.439469e-07,-3.759885e-09,-5.183072e-07,2.671401e-08,-1.834928e-09,1.904726e-24,5.183072e-07
9,0.920772,1,turbulent,te_band,-3.113185e-07,-5.118675e-09,-4.765811e-07,2.198844e-08,-1.589945e-09,2.125613e-24,4.765811e-07
10,0.910858,1,turbulent,te_band,-2.858952e-07,-5.918082e-09,-4.433459e-07,1.809218e-08,-1.338801e-09,2.343622e-24,4.433459e-07
11,0.900943,1,turbulent,te_band,-2.631850e-07,-4.995561e-09,-4.127865e-07,1.761287e-08,-1.131474e-09,2.589546e-24,4.127865e-07
12,0.891026,1,turbulent,mid,-2.442180e-07,-4.283540e-09,-3.874519e-07,1.656172e-08,-9.548878e-10,2.868373e-24,3.874519e-07
13,0.881106,1,turbulent,mid,-2.249712e-07,-1.595862e-09,-3.607663e-07,1.888410e-08,-7.921942e-10,3.179833e-24,3.607663e-07
14,0.871185,1,turbulent,mid,-2.088596e-07,-7.744540e-10,-3.381631e-07,1.882315e-08,-6.547630e-10,3.530737e-24,3.381631e-07
15,0.861262,1,turbulent,mid,-1.971447e-07,-1.139514e-09,-3.222865e-07,1.707588e-08,-5.321892e-10,3.929983e-24,3.222865e-07
16,0.851337,1,turbulent,mid,-1.874282e-07,-9.196237e-10,-3.090384e-07,1.657995e-08,-4.260878e-10,4.384020e-24,3.090384e-07
17,0.841411,1,turbulent,mid,-1.783506e-07,-1.024578e-09,-2.964652e-07,1.564132e-08,-3.259766e-10,4.891966e-24,2.964652e-07
18,0.831483,1,turbulent,mid,-1.700839e-07,-5.179289e-10,-2.849984e-07,1.569729e-08,-2.356599e-10,5.462921e-24,2.849984e-07
19,0.821553,1,turbulent,mid,-1.627004e-07,-6.597715e-10,-2.746473e-07,1.485914e-08,-1.493697e-10,6.107677e-24,2.746473e-07
20,0.811621,1,turbulent,mid,-1.560058e-07,-4.452365e-10,-2.652580e-07,1.463858e-08,-7.073385e-11,6.839484e-24,2.652580e-07
21,0.801688,1,turbulent,mid,-1.509228e-07,-4.219183e-10,-2.583155e-07,1.395059e-08,8.181119e-14,7.663855e-24,2.583155e-07
22,0.791753,1,turbulent,mid,-1.457784e-07,-1.044882e-10,-2.510912e-07,1.411966e-08,6.859783e-11,8.595285e-24,2.510912e-07
23,0.781817,1,turbulent,mid,-1.404265e-07,-2.474104e-12,-2.433103e-07,1.404663e-08,1.343625e-10,9.654447e-24,2.433103e-07
24,0.771879,1,turbulent,mid,-1.358729e-07,-3.570564e-10,-2.369199e-07,1.288229e-08,1.991931e-10,1.085733e-23,2.369199e-07
25,0.761940,1,turbulent,mid,-1.328605e-07,1.862819e-10,-2.329213e-07,1.320895e-08,2.525510e-10,1.223086e-23,2.329213e-07
26,0.751999,1,turbulent,mid,-1.296268e-07,-1.303408e-10,-2.282648e-07,1.282647e-08,3.051190e-10,1.379256e-23,2.282648e-07
27,0.742057,1,turbulent,mid,-1.264019e-07,-2.640970e-10,-2.237031e-07,1.241140e-08,3.566621e-10,1.556483e-23,2.237031e-07
28,0.732113,1,turbulent,mid,-1.238017e-07,-7.580891e-11,-2.201505e-07,1.186117e-08,4.097278e-10,1.758768e-23,2.201505e-07
29,0.722168,1,turbulent,mid,-1.208857e-07,5.174984e-10,-2.159308e-07,1.258150e-08,4.622966e-10,1.991146e-23,2.159308e-07
30,0.712221,1,turbulent,mid,-1.185608e-07,1.148444e-09,-2.125681e-07,1.352909e-08,5.041781e-10,2.257596e-23,2.125681e-07
31,0.702273,1,turbulent,mid,-1.162864e-07,8.705601e-10,-2.093091e-07,1.271674e-08,5.497057e-10,2.561339e-23,2.093091e-07
32,0.692324,1,turbulent,mid,-1.139875e-07,1.045879e-09,-2.059965e-07,1.270965e-08,5.990286e-10,2.910471e-23,2.059965e-07
33,0.682373,1,turbulent,mid,-1.121416e-07,1.417660e-09,-2.033337e-07,1.313051e-08,6.407589e-10,3.315365e-23,2.033337e-07
34,0.672420,1,turbulent,mid,-1.105731e-07,1.374334e-09,-2.011710e-07,1.275948e-08,6.834648e-10,3.781806e-23,2.011710e-07
35,0.662467,1,turbulent,mid,-1.094455e-07,1.800871e-09,-1.997096e-07,1.348937e-08,7.181810e-10,4.319667e-23,1.997096e-07
36,0.652511,1,turbulent,mid,-1.081018e-07,1.207648e-09,-1.977429e-07,1.281582e-08,7.542739e-10,4.939597e-23,1.977429e-07
37,0.642555,1,turbulent,mid,-1.064460e-07,4.578912e-10,-1.952552e-07,1.169745e-08,7.933151e-10,5.657276e-23,1.952552e-07
38,0.632597,1,turbulent,mid,-1.060123e-07,-3.966134e-10,-1.950341e-07,9.789686e-09,8.365468e-10,6.488309e-23,1.950341e-07
39,0.622637,1,turbulent,mid,-1.048792e-07,5.991764e-10,-1.934170e-07,1.121509e-08,8.792202e-10,7.462369e-23,1.934170e-07
40,0.612677,1,turbulent,mid,-1.033533e-07,7.810842e-10,-1.910012e-07,1.171998e-08,9.145393e-10,8.597907e-23,1.910012e-07
41,0.602714,1,turbulent,mid,-1.024913e-07,7.092840e-10,-1.898509e-07,1.139601e-08,9.517503e-10,9.918154e-23,1.898509e-07
42,0.592751,1,turbulent,mid,-1.017154e-07,2.211558e-10,-1.887304e-07,1.077331e-08,9.854320e-10,1.146605e-22,1.887304e-07
43,0.582786,1,turbulent,mid,-1.019267e-07,-2.773884e-10,-1.894411e-07,9.554448e-09,1.024101e-09,1.327235e-22,1.894411e-07
44,0.572819,1,turbulent,mid,-1.012031e-07,5.196559e-10,-1.884343e-07,1.082070e-08,1.061321e-09,1.540149e-22,1.884343e-07
45,0.562851,1,turbulent,mid,-1.000975e-07,7.739021e-10,-1.866407e-07,1.105822e-08,1.102649e-09,1.790307e-22,1.866407e-07
46,0.552882,1,turbulent,mid,-9.880217e-08,1.170854e-09,-1.846090e-07,1.166812e-08,1.141408e-09,2.085971e-22,1.846090e-07
47,0.542911,1,turbulent,mid,-9.840630e-08,9.326296e-10,-1.841401e-07,1.109802e-08,1.179648e-09,2.435567e-22,1.841401e-07
48,0.532939,1,turbulent,mid,-9.780795e-08,7.848929e-10,-1.832853e-07,1.104026e-08,1.215065e-09,2.850975e-22,1.832853e-07
49,0.522965,1,turbulent,mid,-9.801214e-08,3.148312e-10,-1.838693e-07,1.013689e-08,1.250707e-09,3.343280e-22,1.838693e-07
50,0.512990,1,turbulent,mid,-9.780073e-08,2.826052e-10,-1.837478e-07,1.002024e-08,1.290014e-09,3.929619e-22,1.837478e-07
51,0.503014,1,turbulent,mid,-9.743634e-08,6.956104e-10,-1.832460e-07,1.048200e-08,1.330004e-09,4.630069e-22,1.832460e-07
52,0.493036,1,turbulent,mid,-9.669713e-08,9.055935e-10,-1.821497e-07,1.066753e-08,1.374230e-09,5.468473e-22,1.821497e-07
53,0.483057,1,turbulent,mid,-9.611124e-08,1.614403e-09,-1.812959e-07,1.175319e-08,1.412682e-09,6.478569e-22,1.812959e-07
54,0.473076,1,turbulent,mid,-9.507056e-08,1.310980e-09,-1.795233e-07,1.128698e-08,1.455388e-09,7.696109e-22,1.795233e-07
55,0.463094,1,turbulent,mid,-9.534559e-08,1.104113e-09,-1.803702e-07,1.085320e-08,1.491442e-09,9.165258e-22,1.803702e-07
56,0.453111,1,turbulent,mid,-9.589009e-08,9.741799e-10,-1.816176e-07,1.053390e-08,1.530828e-09,1.094560e-21,1.816176e-07
57,0.443126,1,turbulent,mid,-9.473120e-08,7.534324e-10,-1.796590e-07,1.053987e-08,1.574534e-09,1.311475e-21,1.796590e-07
58,0.433140,1,turbulent,mid,-9.462810e-08,7.287600e-10,-1.798120e-07,1.015317e-08,1.616266e-09,1.575764e-21,1.798120e-07
59,0.423153,1,turbulent,mid,-9.430550e-08,4.791804e-10,-1.795520e-07,9.634706e-09,1.662571e-09,1.900064e-21,1.795520e-07
60,0.413165,1,turbulent,mid,-9.411361e-08,5.539375e-10,-1.794567e-07,9.807024e-09,1.707550e-09,2.299718e-21,1.794567e-07
61,0.403175,1,turbulent,mid,-9.448410e-08,4.829191e-10,-1.805984e-07,9.611873e-09,1.744014e-09,2.792870e-21,1.805984e-07
62,0.393184,1,turbulent,mid,-9.437200e-08,6.707728e-10,-1.807145e-07,9.853447e-09,1.788948e-09,3.404294e-21,1.807145e-07
63,0.383192,1,turbulent,mid,-9.297582e-08,2.292462e-10,-1.783671e-07,9.462452e-09,1.833853e-09,4.168106e-21,1.783671e-07
64,0.373199,1,turbulent,mid,-9.379636e-08,9.119795e-11,-1.805976e-07,8.501770e-09,1.883820e-09,5.121927e-21,1.805976e-07
65,0.363205,1,turbulent,mid,-9.317746e-08,4.920376e-10,-1.799777e-07,9.218613e-09,1.931851e-09,6.328464e-21,1.799777e-07
66,0.353210,1,turbulent,mid,-9.316740e-08,8.001326e-10,-1.804435e-07,9.891034e-09,1.970311e-09,7.858240e-21,1.804435e-07
67,0.343214,1,turbulent,mid,-9.226549e-08,3.916061e-10,-1.792886e-07,9.406542e-09,2.005876e-09,9.811261e-21,1.792886e-07
68,0.333217,1,turbulent,mid,-9.278403e-08,-3.346014e-10,-1.810925e-07,7.892282e-09,2.047197e-09,1.230839e-20,1.810925e-07
69,0.323220,1,turbulent,mid,-9.338394e-08,-7.536352e-10,-1.831709e-07,7.254844e-09,2.088224e-09,1.554113e-20,1.831709e-07
70,0.313223,1,turbulent,mid,-9.389140e-08,-6.813638e-10,-1.850757e-07,7.484502e-09,2.119117e-09,1.976294e-20,1.850757e-07
71,0.303225,1,turbulent,mid,-9.383255e-08,-8.825845e-10,-1.860543e-07,7.327657e-09,2.145850e-09,2.531430e-20,1.860543e-07
72,0.293227,1,turbulent,mid,-9.346166e-08,-9.541241e-10,-1.865061e-07,7.481761e-09,2.160650e-09,3.268919e-20,1.865061e-07
73,0.283230,1,turbulent,mid,-9.335426e-08,-1.850172e-09,-1.876849e-07,6.183612e-09,2.163129e-09,4.256197e-20,1.876849e-07
74,0.273232,1,turbulent,mid,-9.502618e-08,-3.710772e-09,-1.928102e-07,3.659889e-09,2.147600e-09,5.588993e-20,1.928102e-07
75,0.263236,1,turbulent,mid,-9.712417e-08,-6.609351e-09,-1.990185e-07,3.289931e-10,2.101785e-09,7.408939e-20,1.990185e-07
76,0.253240,1,turbulent,mid,-9.849071e-08,-1.064113e-08,-2.040521e-07,-4.008069e-09,2.010587e-09,9.906153e-20,2.040521e-07
77,0.243246,1,turbulent,mid,-9.531373e-08,-1.899644e-08,-2.000207e-07,-1.379141e-08,1.887920e-09,1.324242e-19,2.000207e-07
78,0.233253,1,turbulent,mid,-8.370308e-08,-3.314801e-08,-1.798918e-07,-3.159059e-08,1.774964e-09,1.731155e-19,1.798918e-07
79,0.223263,1,turbulent,mid,3.006039e-08,5.676031e-08,9.141303e-08,7.006783e-08,1.887649e-09,1.911916e-19,9.141303e-08
80,0.213275,1,turbulent,mid,1.250654e-07,-9.411974e-08,3.012919e-07,-1.123745e-07,1.489656e-09,2.278503e-19,3.012919e-07
81,0.203291,1,turbulent,mid,1.351136e-08,-1.840014e-07,9.837790e-08,-2.110965e-07,6.457664e-09,1.202361e-19,2.110965e-07
82,0.193310,1,turbulent,mid,7.906148e-08,3.389235e-08,1.804503e-07,4.081896e-08,-3.942270e-09,2.417014e-19,1.804503e-07
83,0.183335,1,turbulent,mid,-5.375249e-07,1.876029e-07,-1.361793e-06,2.591906e-07,-1.627616e-09,1.927666e-19,1.361793e-06
84,0.173365,1,turbulent,mid,-8.279704e-08,-7.774644e-08,-1.576461e-07,-7.266379e-08,8.603547e-09,-2.868239e-19,1.576461e-07
85,0.163402,1,turbulent,mid,-9.706232e-09,5.856816e-08,5.509487e-08,2.894086e-08,6.819760e-09,3.691678e-19,5.856816e-08
86,0.153447,1,turbulent,mid,2.506741e-07,-2.536571e-07,8.020914e-07,-3.160426e-07,1.806452e-08,-3.303482e-19,8.020914e-07
87,0.143503,1,turbulent,mid,-1.958213e-07,5.300212e-08,-5.092875e-07,1.063948e-07,5.766771e-10,-4.792452e-18,5.092875e-07
88,0.133570,1,turbulent,mid,-2.720520e-07,1.531015e-07,-7.019276e-07,2.154553e-07,6.336878e-09,-9.242517e-18,7.019276e-07
89,0.123651,1,turbulent,mid,1.191287e-07,-1.199036e-07,4.186716e-07,-1.423353e-07,3.648764e-08,-1.913505e-17,4.186716e-07
90,0.113749,1,turbulent,mid,-2.330727e-07,2.217835e-07,-5.737226e-07,2.639140e-07,4.542599e-09,-3.929534e-17,5.737226e-07
91,0.103869,1,turbulent,mid,-1.229039e-07,5.237416e-08,-3.173891e-07,6.272398e-08,-4.143925e-09,-9.997138e-17,3.173891e-07
92,0.094014,1,turbulent,mid,2.132111e-08,-5.171589e-08,7.132256e-08,-6.575340e-08,3.133972e-09,-2.327386e-16,7.132256e-08
93,0.084190,1,turbulent,mid,6.951307e-08,2.499790e-08,2.198658e-07,3.489161e-08,5.225314e-09,-5.239488e-16,2.198658e-07
94,0.074407,1,turbulent,mid,9.092174e-08,2.880997e-08,2.855022e-07,3.902334e-08,6.127837e-09,-7.779099e-16,2.855022e-07
95,0.064676,1,turbulent,mid,3.148334e-07,-1.344613e-08,8.593647e-07,-1.889814e-08,5.459977e-09,3.084653e-15,8.593647e-07
96,0.055012,1,turbulent,mid,3.617284e-07,-8.426461e-09,1.128106e-06,-8.081166e-09,1.252417e-08,-5.901346e-14,1.128106e-06
97,0.045443,1,laminar,le_band,2.963253e-09,-5.541194e-09,2.105479e-08,-9.617896e-09,-6.500834e-17,-1.280494e-09,2.105479e-08
98,0.036008,1,laminar,le_band,1.126049e-08,-2.012056e-09,3.452600e-08,-1.009066e-08,0.000000e+00,-1.280494e-09,3.452600e-08
99,0.026778,1,laminar,le_band,2.235744e-08,5.616338e-09,-2.942413e-09,-4.837235e-09,0.000000e+00,-1.280494e-09,2.235744e-08
100,0.017890,1,inflow_pin,le_inflow,0.000000e+00,0.000000e+00,0.000000e+00,0.000000e+00,0.000000e+00,0.000000e+00,0.000000e+00
101,0.009657,1,inflow_pin,le_inflow,0.000000e+00,0.000000e+00,0.000000e+00,0.000000e+00,0.000000e+00,0.000000e+00,0.000000e+00
102,0.002928,1,inflow_pin,le_inflow,0.000000e+00,0.000000e+00,0.000000e+00,0.000000e+00,0.000000e+00,0.000000e+00,0.000000e+00
103,0.002928,-1,inflow_pin,le_inflow,0.000000e+00,0.000000e+00,0.000000e+00,0.000000e+00,0.000000e+00,0.000000e+00,0.000000e+00
104,0.009657,-1,inflow_pin,le_inflow,0.000000e+00,0.000000e+00,0.000000e+00,0.000000e+00,0.000000e+00,0.000000e+00,0.000000e+00
105,0.017890,-1,inflow_pin,le_inflow,0.000000e+00,0.000000e+00,0.000000e+00,0.000000e+00,0.000000e+00,0.000000e+00,0.000000e+00
106,0.026778,-1,laminar,le_band,1.200837e-07,-6.040096e-09,1.169084e-07,-1.696149e-08,0.000000e+00,-1.280494e-09,1.200837e-07
107,0.036008,-1,laminar,le_band,8.215793e-08,-7.150395e-09,4.774256e-08,-1.784895e-08,0.000000e+00,-1.280494e-09,8.215793e-08
108,0.045443,-1,laminar,le_band,1.896795e-07,-6.740720e-08,2.932588e-07,-7.611483e-08,0.000000e+00,-1.280494e-09,2.932588e-07
109,0.055012,-1,turbulent,mid,1.038037e-07,1.713397e-09,2.133694e-07,-5.150524e-09,4.814018e-09,-1.413167e-14,2.133694e-07
110,0.064676,-1,turbulent,mid,1.493459e-07,3.738354e-07,3.145216e-07,3.920532e-07,-7.886581e-09,-2.098437e-15,3.920532e-07
111,0.074407,-1,turbulent,mid,1.061974e-07,-1.408008e-08,3.999748e-07,7.698768e-08,-6.678440e-09,-2.771043e-16,3.999748e-07
112,0.084190,-1,turbulent,mid,7.191553e-08,-2.869997e-07,1.743191e-07,-2.270816e-07,-1.377953e-08,-4.925252e-16,2.869997e-07
113,0.094014,-1,turbulent,mid,4.803334e-07,-2.636832e-07,9.928844e-07,-1.925664e-07,1.999566e-09,-1.814987e-16,9.928844e-07
114,0.103869,-1,turbulent,mid,2.031855e-07,1.650339e-07,4.217722e-07,1.416053e-07,2.174517e-08,-1.945970e-17,4.217722e-07
115,0.113749,-1,turbulent,mid,2.967183e-07,-1.161605e-07,6.695078e-07,-1.218142e-07,1.337501e-08,1.194349e-17,6.695078e-07
116,0.123651,-1,turbulent,mid,-4.607678e-07,3.126659e-07,-9.422815e-07,3.092882e-07,1.044062e-08,2.024714e-18,9.422815e-07
117,0.133570,-1,turbulent,mid,1.926104e-07,-1.447864e-07,4.170936e-07,-1.507090e-07,7.742206e-09,8.271870e-18,4.170936e-07
118,0.143503,-1,turbulent,mid,-2.882454e-08,5.346540e-08,-8.079050e-08,5.097284e-08,4.453756e-09,6.846584e-18,8.079050e-08
119,0.153447,-1,turbulent,mid,1.680685e-07,6.393979e-08,3.309199e-07,6.484143e-08,3.453304e-09,8.126979e-18,3.309199e-07
120,0.163402,-1,turbulent,mid,-4.675435e-07,1.385262e-07,-1.063811e-06,1.528487e-07,-2.447569e-09,6.719388e-18,1.063811e-06
121,0.173365,-1,turbulent,mid,9.124660e-09,-5.618286e-07,1.010447e-07,-5.454047e-07,1.356744e-08,3.944730e-18,5.618286e-07
122,0.183335,-1,turbulent,mid,4.339890e-08,-3.080822e-07,1.045431e-07,-2.907224e-07,5.021857e-09,4.293890e-18,3.080822e-07
123,0.193310,-1,turbulent,mid,6.535758e-07,4.424586e-07,1.403877e-06,4.479066e-07,4.913381e-09,1.304980e-18,1.403877e-06
124,0.203291,-1,turbulent,mid,7.098701e-08,-7.526974e-08,1.453367e-07,-7.866157e-08,3.279778e-09,1.150017e-18,1.453367e-07
125,0.213275,-1,turbulent,mid,9.777665e-08,6.672546e-08,1.994092e-07,6.485013e-08,2.330634e-09,7.835744e-19,1.994092e-07
126,0.223263,-1,turbulent,mid,-1.057557e-07,6.776198e-08,-2.071845e-07,6.538163e-08,2.351373e-09,5.420743e-19,2.071845e-07
127,0.233253,-1,turbulent,mid,-1.679027e-08,1.982408e-08,-3.276313e-08,1.945793e-08,2.178181e-09,4.336764e-19,3.276313e-08
128,0.243246,-1,turbulent,mid,-8.948407e-08,-6.827718e-09,-1.689191e-07,-9.463240e-09,2.309763e-09,3.186885e-19,1.689191e-07
129,0.253240,-1,turbulent,mid,-3.272718e-08,1.077415e-07,-7.169194e-08,1.145096e-07,1.493754e-09,2.736477e-19,1.145096e-07
130,0.263236,-1,turbulent,mid,2.533927e-08,2.202707e-09,5.068485e-08,-5.847112e-09,2.365334e-09,2.304271e-19,5.068485e-08
131,0.273232,-1,turbulent,mid,-4.386919e-08,-1.177772e-08,-8.774883e-08,-1.134405e-08,2.081829e-09,1.682001e-19,8.774883e-08
132,0.283230,-1,turbulent,mid,-4.555096e-08,-3.300027e-09,-8.807431e-08,-1.898864e-09,1.928005e-09,1.355184e-19,8.807431e-08
133,0.293227,-1,turbulent,mid,-2.425932e-08,-9.561895e-09,-4.737589e-08,-9.174361e-09,1.891540e-09,1.070314e-19,4.737589e-08
134,0.303225,-1,turbulent,mid,-3.685131e-08,-1.188429e-08,-7.668993e-08,-1.139035e-08,1.877871e-09,8.424496e-20,7.668993e-08
135,0.313223,-1,turbulent,mid,1.838205e-07,1.610758e-07,3.714440e-07,1.670050e-07,1.213441e-09,5.519218e-20,3.714440e-07
136,0.323220,-1,turbulent,mid,-1.692667e-07,-5.345358e-08,-3.393765e-07,-5.353474e-08,1.144204e-09,5.563903e-20,3.393765e-07
137,0.333217,-1,turbulent,mid,-5.448013e-08,-2.594730e-08,-1.015768e-07,-2.366252e-08,1.496052e-09,4.995267e-20,1.015768e-07
138,0.343214,-1,turbulent,mid,-3.878434e-08,-1.392742e-08,-7.220910e-08,-1.187316e-08,1.594568e-09,3.864998e-20,7.220910e-08
139,0.353210,-1,turbulent,mid,-2.432861e-08,-9.098168e-09,-4.521881e-08,-6.867610e-09,1.695122e-09,3.043368e-20,4.521881e-08
140,0.363205,-1,turbulent,mid,-2.305261e-08,-4.688804e-09,-4.250417e-08,-2.105865e-09,1.694633e-09,2.468839e-20,4.250417e-08
141,0.373199,-1,turbulent,mid,-2.416932e-08,-2.721710e-09,-4.430437e-08,1.939081e-10,1.673115e-09,2.029397e-20,4.430437e-08
142,0.383192,-1,turbulent,mid,-2.598641e-08,-2.845252e-09,-4.748278e-08,1.383116e-10,1.640999e-09,1.679872e-20,4.748278e-08
143,0.393184,-1,turbulent,mid,-2.783917e-08,-1.776364e-09,-5.087906e-08,1.342207e-09,1.606814e-09,1.395547e-20,5.087906e-08
144,0.403175,-1,turbulent,mid,-2.954931e-08,-9.809283e-10,-5.398224e-08,2.271543e-09,1.573950e-09,1.163774e-20,5.398224e-08
145,0.413165,-1,turbulent,mid,-3.125441e-08,-1.159583e-09,-5.710714e-08,2.053748e-09,1.539920e-09,9.739654e-21,5.710714e-08
146,0.423153,-1,turbulent,mid,-3.270828e-08,-1.187265e-09,-5.985809e-08,2.122261e-09,1.507752e-09,8.173537e-21,5.985809e-08
147,0.433140,-1,turbulent,mid,-3.406182e-08,-8.485226e-10,-6.242783e-08,2.522952e-09,1.477370e-09,6.876176e-21,6.242783e-08
148,0.443126,-1,turbulent,mid,-3.509270e-08,-5.091911e-10,-6.440499e-08,2.931465e-09,1.449357e-09,5.799393e-21,6.440499e-08
149,0.453111,-1,turbulent,mid,-3.639254e-08,4.885255e-11,-6.681885e-08,3.748375e-09,1.419540e-09,4.902585e-21,6.681885e-08
150,0.463094,-1,turbulent,mid,-3.750612e-08,6.625817e-10,-6.893956e-08,4.529865e-09,1.390505e-09,4.154434e-21,6.893956e-08
151,0.473076,-1,turbulent,mid,-3.843631e-08,1.316329e-09,-7.069080e-08,5.563700e-09,1.364274e-09,3.529430e-21,7.069080e-08
152,0.483057,-1,turbulent,mid,-4.008179e-08,8.251859e-10,-7.375118e-08,5.140335e-09,1.332695e-09,3.006309e-21,7.375118e-08
153,0.493036,-1,turbulent,mid,-4.108737e-08,2.744635e-10,-7.571867e-08,4.438107e-09,1.306263e-09,2.565889e-21,7.571867e-08
154,0.503014,-1,turbulent,mid,-4.197762e-08,1.267664e-10,-7.749008e-08,4.305062e-09,1.280475e-09,2.193200e-21,7.749008e-08
155,0.512990,-1,turbulent,mid,-4.291157e-08,4.882417e-10,-7.931585e-08,4.888315e-09,1.254383e-09,1.878255e-21,7.931585e-08
156,0.522965,-1,turbulent,mid,-4.392823e-08,7.086409e-10,-8.121296e-08,5.223331e-09,1.228250e-09,1.612132e-21,8.121296e-08
157,0.532939,-1,turbulent,mid,-4.517847e-08,8.749645e-10,-8.352869e-08,5.587588e-09,1.199868e-09,1.386509e-21,8.352869e-08
158,0.542911,-1,turbulent,mid,-4.613410e-08,7.740940e-10,-8.538603e-08,5.573992e-09,1.174056e-09,1.195043e-21,8.538603e-08
159,0.552882,-1,turbulent,mid,-4.690595e-08,9.893313e-10,-8.688844e-08,5.938749e-09,1.150722e-09,1.031643e-21,8.688844e-08
160,0.562851,-1,turbulent,mid,-4.815345e-08,9.453591e-10,-8.918112e-08,6.001447e-09,1.123504e-09,8.921700e-22,8.918112e-08
161,0.572819,-1,turbulent,mid,-4.928345e-08,6.175901e-10,-9.126105e-08,5.649086e-09,1.096621e-09,7.730704e-22,9.126105e-08
162,0.582786,-1,turbulent,mid,-5.059865e-08,5.929730e-10,-9.363594e-08,5.808115e-09,1.068913e-09,6.710428e-22,9.363594e-08
163,0.592751,-1,turbulent,mid,-5.184870e-08,4.862289e-10,-9.594217e-08,5.758078e-09,1.041075e-09,5.835285e-22,9.594217e-08
164,0.602714,-1,turbulent,mid,-5.255944e-08,5.896629e-10,-9.724479e-08,5.956204e-09,1.018720e-09,5.083244e-22,9.724479e-08
165,0.612677,-1,turbulent,mid,-5.375567e-08,4.486570e-10,-9.941026e-08,5.938063e-09,9.916310e-10,4.434235e-22,9.941026e-08
166,0.622637,-1,turbulent,mid,-5.477007e-08,8.909934e-10,-1.012237e-07,6.631289e-09,9.664213e-10,3.874892e-22,1.012237e-07
167,0.632597,-1,turbulent,mid,-5.639721e-08,4.918040e-10,-1.039742e-07,6.223447e-09,9.376083e-10,3.392633e-22,1.039742e-07
168,0.642555,-1,turbulent,mid,-5.784971e-08,3.648320e-10,-1.065194e-07,6.197335e-09,9.081079e-10,2.974607e-22,1.065194e-07
169,0.652511,-1,turbulent,mid,-5.900835e-08,5.224516e-10,-1.085383e-07,6.600566e-09,8.818051e-10,2.612442e-22,1.085383e-07
170,0.662467,-1,turbulent,mid,-6.054082e-08,4.003750e-10,-1.110605e-07,6.478647e-09,8.541390e-10,2.297815e-22,1.110605e-07
171,0.672420,-1,turbulent,mid,-6.211422e-08,8.226867e-10,-1.136663e-07,7.131689e-09,8.226420e-10,2.023440e-22,1.136663e-07
172,0.682373,-1,turbulent,mid,-6.365099e-08,1.455502e-09,-1.161649e-07,8.213532e-09,7.932594e-10,1.785386e-22,1.161649e-07
173,0.692324,-1,turbulent,mid,-6.568327e-08,9.863427e-10,-1.194865e-07,7.760770e-09,7.614329e-10,1.577817e-22,1.194865e-07
174,0.702273,-1,turbulent,mid,-6.755745e-08,1.115631e-09,-1.225140e-07,8.053351e-09,7.298460e-10,1.396004e-22,1.225140e-07
175,0.712221,-1,turbulent,mid,-7.018655e-08,5.888110e-10,-1.266990e-07,7.641677e-09,6.926531e-10,1.237052e-22,1.266990e-07
176,0.722168,-1,turbulent,mid,-7.259235e-08,1.805056e-10,-1.305163e-07,7.270872e-09,6.562863e-10,1.097768e-22,1.305163e-07
177,0.732113,-1,turbulent,mid,-7.489336e-08,2.637545e-10,-1.341075e-07,7.673636e-09,6.198659e-10,9.753679e-23,1.341075e-07
178,0.742057,-1,turbulent,mid,-7.725168e-08,5.064612e-10,-1.377267e-07,8.165039e-09,5.837024e-10,8.677578e-23,1.377267e-07
179,0.751999,-1,turbulent,mid,-8.021689e-08,7.974072e-10,-1.422198e-07,8.850116e-09,5.426437e-10,7.729558e-23,1.422198e-07
180,0.761940,-1,turbulent,mid,-8.357266e-08,7.009192e-10,-1.473623e-07,8.979149e-09,4.984569e-10,6.895102e-23,1.473623e-07
181,0.771879,-1,turbulent,mid,-8.730752e-08,5.647808e-10,-1.529783e-07,9.188059e-09,4.519827e-10,6.158223e-23,1.529783e-07
182,0.781817,-1,turbulent,mid,-9.136940e-08,2.102042e-10,-1.591222e-07,9.003196e-09,4.017129e-10,5.506590e-23,1.591222e-07
183,0.791753,-1,turbulent,mid,-9.595392e-08,5.230007e-10,-1.658999e-07,9.903906e-09,3.476859e-10,4.929882e-23,1.658999e-07
184,0.801688,-1,turbulent,mid,-1.012729e-07,7.502340e-12,-1.738102e-07,9.546479e-09,2.880647e-10,4.419428e-23,1.738102e-07
185,0.811621,-1,turbulent,mid,-1.058672e-07,6.945799e-10,-1.804579e-07,1.088385e-08,2.309376e-10,3.965489e-23,1.804579e-07
186,0.821553,-1,turbulent,mid,-1.117205e-07,1.057186e-09,-1.889780e-07,1.191860e-08,1.670386e-10,3.561851e-23,1.889780e-07
187,0.831483,-1,turbulent,mid,-1.181690e-07,1.126583e-09,-1.982268e-07,1.234008e-08,9.845211e-11,3.202013e-23,1.982268e-07
188,0.841411,-1,turbulent,mid,-1.259240e-07,1.525715e-09,-2.093352e-07,1.357877e-08,1.733805e-11,2.881616e-23,2.093352e-07
189,0.851337,-1,turbulent,mid,-1.352463e-07,1.460966e-09,-2.227253e-07,1.425198e-08,-7.302479e-11,2.596617e-23,2.227253e-07
190,0.861262,-1,turbulent,mid,-1.454934e-07,1.459258e-09,-2.373451e-07,1.509810e-08,-1.712428e-10,2.342680e-23,2.373451e-07
191,0.871185,-1,turbulent,mid,-1.572799e-07,9.545450e-10,-2.540197e-07,1.540102e-08,-2.781636e-10,2.114843e-23,2.540197e-07
192,0.881106,-1,turbulent,mid,-1.703439e-07,3.647513e-10,-2.722999e-07,1.577248e-08,-3.979383e-10,1.910121e-23,2.722999e-07
193,0.891026,-1,turbulent,mid,-1.865299e-07,1.959803e-10,-2.949240e-07,1.707051e-08,-5.416640e-10,1.727740e-23,2.949240e-07
194,0.900943,-1,turbulent,te_band,-2.071701e-07,-1.295457e-10,-3.234366e-07,1.800959e-08,-7.081419e-10,1.563570e-23,3.234366e-07
195,0.910858,-1,turbulent,te_band,-2.312337e-07,1.354815e-09,-3.563144e-07,2.176753e-08,-9.133930e-10,1.417987e-23,3.563144e-07
196,0.920772,-1,turbulent,te_band,-2.613767e-07,2.115172e-09,-3.978227e-07,2.522207e-08,-1.160614e-09,1.289715e-23,3.978227e-07
197,0.930683,-1,turbulent,te_band,-3.029489e-07,2.989489e-09,-4.544332e-07,2.869962e-08,-1.423443e-09,1.167974e-23,4.544332e-07
198,0.940593,-1,turbulent,te_band,-3.176198e-07,7.119336e-10,-4.699073e-07,2.803048e-08,-1.657332e-09,1.042125e-23,4.699073e-07
199,0.950500,-1,turbulent,te_band,-2.896182e-07,1.561479e-08,-4.232208e-07,3.547025e-08,-1.756776e-09,8.933567e-24,4.232208e-07
200,0.960405,-1,turbulent,te_band,-2.824489e-07,1.041713e-08,-4.275127e-07,5.000575e-08,-1.850022e-09,7.554977e-24,4.275127e-07
201,0.970307,-1,turbulent,te_band,-6.708670e-07,-1.096507e-07,-8.910918e-07,-6.363888e-08,-3.940109e-09,6.839495e-24,8.910918e-07
202,0.980207,-1,turbulent,te_band,-5.395860e-07,9.738203e-09,-7.429926e-07,5.120874e-08,-3.755912e-09,6.445932e-24,7.429926e-07
203,0.990105,-1,turbulent,te_band,-4.152764e-07,-1.187320e-07,-5.259295e-07,-9.882391e-08,-2.510935e-09,4.821555e-24,5.259295e-07
204,1.000000,-1,turbulent,te_band,-1.105068e-06,6.222301e-08,-1.545328e-06,1.290547e-07,-2.521205e-09,8.235976e-24,1.545328e-06
205,0.000000,-1,inflow_pin,le_inflow,0.000000e+00,0.000000e+00,0.000000e+00,0.000000e+00,0.000000e+00,0.000000e+00,0.000000e+00
206,0.990105,1,turbulent,te_band,-8.536932e-07,-2.439695e-07,-1.070633e-06,-1.212375e-07,-5.723902e-09,1.225246e-24,1.070633e-06
207,0.980207,1,turbulent,te_band,-1.242109e-06,1.503532e-07,-1.706987e-06,2.341840e-07,-3.581961e-09,6.771771e-26,1.706987e-06
208,0.970307,1,turbulent,te_band,-6.989491e-07,3.198292e-08,-9.612423e-07,1.183701e-07,-5.092647e-09,1.217641e-24,9.612423e-07
209,0.960405,1,turbulent,te_band,-3.760100e-07,2.359066e-08,-5.458690e-07,6.537106e-08,-3.058929e-09,8.290417e-25,5.458690e-07
210,0.950500,1,turbulent,te_band,-3.336189e-07,-1.976906e-08,-4.958921e-07,1.246208e-08,-2.286068e-09,9.966697e-25,4.958921e-07
211,0.940593,1,turbulent,te_band,-3.731420e-07,-2.028601e-09,-5.524811e-07,3.264220e-08,-2.104530e-09,1.503029e-24,5.524811e-07
212,0.930683,1,turbulent,te_band,-3.587338e-07,2.386390e-09,-5.399368e-07,3.682002e-08,-2.004214e-09,1.861456e-24,5.399368e-07
213,0.920772,1,turbulent,te_band,-3.227957e-07,4.157145e-09,-4.922101e-07,3.553980e-08,-1.700605e-09,2.068949e-24,4.922101e-07
214,0.910858,1,turbulent,te_band,-2.930699e-07,1.247653e-09,-4.525574e-07,2.849293e-08,-1.422759e-09,2.270241e-24,4.525574e-07
215,0.900943,1,turbulent,te_band,-2.708679e-07,1.673244e-11,-4.239404e-07,2.458280e-08,-1.212273e-09,2.512526e-24,4.239404e-07
216,0.891026,1,turbulent,mid,-2.512178e-07,-4.533596e-10,-3.976892e-07,2.230793e-08,-1.029586e-09,2.779751e-24,3.976892e-07
217,0.881106,1,turbulent,mid,-2.325852e-07,1.649084e-09,-3.719886e-07,2.321232e-08,-8.556791e-10,3.075777e-24,3.719886e-07
218,0.871185,1,turbulent,mid,-2.148833e-07,2.501273e-09,-3.473122e-07,2.351475e-08,-7.140163e-10,3.415616e-24,3.473122e-07
219,0.861262,1,turbulent,mid,-2.011737e-07,1.944251e-09,-3.282429e-07,2.136980e-08,-5.822219e-10,3.797648e-24,3.282429e-07
220,0.851337,1,turbulent,mid,-1.908857e-07,1.621229e-09,-3.142542e-07,1.975220e-08,-4.669417e-10,4.231210e-24,3.142542e-07
221,0.841411,1,turbulent,mid,-1.815681e-07,1.266111e-09,-3.014992e-07,1.869082e-08,-3.666874e-10,4.722784e-24,3.014992e-07
222,0.831483,1,turbulent,mid,-1.730842e-07,1.419217e-09,-2.897130e-07,1.804118e-08,-2.715265e-10,5.271295e-24,2.897130e-07
223,0.821553,1,turbulent,mid,-1.654711e-07,1.169570e-09,-2.790567e-07,1.720869e-08,-1.854119e-10,5.890424e-24,2.790567e-07
224,0.811621,1,turbulent,mid,-1.583269e-07,1.421261e-09,-2.689944e-07,1.684351e-08,-1.013997e-10,6.592131e-24,2.689944e-07
225,0.801688,1,turbulent,mid,-1.526791e-07,8.833991e-10,-2.612180e-07,1.568168e-08,-2.992835e-11,7.386696e-24,2.612180e-07
226,0.791753,1,turbulent,mid,-1.477796e-07,9.419028e-10,-2.544099e-07,1.515073e-08,4.064140e-11,8.280541e-24,2.544099e-07
227,0.781817,1,turbulent,mid,-1.426275e-07,1.347714e-09,-2.470680e-07,1.542826e-08,1.064615e-10,9.295106e-24,2.470680e-07
228,0.771879,1,turbulent,mid,-1.373353e-07,1.310293e-09,-2.393723e-07,1.504611e-08,1.728777e-10,1.045052e-23,2.393723e-07
229,0.761940,1,turbulent,mid,-1.337586e-07,8.172140e-10,-2.345040e-07,1.384231e-08,2.318872e-10,1.176569e-23,2.345040e-07
230,0.751999,1,turbulent,mid,-1.308719e-07,5.585380e-10,-2.305636e-07,1.336052e-08,2.827477e-10,1.326619e-23,2.305636e-07
231,0.742057,1,turbulent,mid,-1.275001e-07,9.987215e-10,-2.257068e-07,1.355391e-08,3.365354e-10,1.496597e-23,2.257068e-07
232,0.732113,1,turbulent,mid,-1.248198e-07,5.978692e-10,-2.220373e-07,1.284255e-08,3.858069e-10,1.690617e-23,2.220373e-07
233,0.722168,1,turbulent,mid,-1.219677e-07,9.009016e-10,-2.179323e-07,1.277758e-08,4.407153e-10,1.912993e-23,2.179323e-07
234,0.712221,1,turbulent,mid,-1.195183e-07,1.499960e-09,-2.144693e-07,1.339208e-08,4.863305e-10,2.168137e-23,2.144693e-07
235,0.702273,1,turbulent,mid,-1.172629e-07,1.582727e-09,-2.112219e-07,1.358522e-08,5.281449e-10,2.460087e-23,2.112219e-07
236,0.692324,1,turbulent,mid,-1.148930e-07,1.614349e-09,-2.077080e-07,1.312153e-08,5.787246e-10,2.793830e-23,2.077080e-07
237,0.682373,1,turbulent,mid,-1.128711e-07,1.866499e-09,-2.048677e-07,1.331714e-08,6.231621e-10,3.180397e-23,2.048677e-07
238,0.672420,1,turbulent,mid,-1.111211e-07,1.805679e-09,-2.023765e-07,1.320337e-08,6.643545e-10,3.627754e-23,2.023765e-07
239,0.662467,1,turbulent,mid,-1.098573e-07,2.002776e-09,-2.006706e-07,1.318937e-08,7.043587e-10,4.142586e-23,2.006706e-07
240,0.652511,1,turbulent,mid,-1.086568e-07,1.708457e-09,-1.989943e-07,1.299753e-08,7.392152e-10,4.736820e-23,1.989943e-07
241,0.642555,1,turbulent,mid,-1.069015e-07,1.511693e-09,-1.963636e-07,1.271815e-08,7.787388e-10,5.423238e-23,1.963636e-07
242,0.632597,1,turbulent,mid,-1.058528e-07,2.966995e-10,-1.949828e-07,1.071718e-08,8.190055e-10,6.219378e-23,1.949828e-07
243,0.622637,1,turbulent,mid,-1.054538e-07,3.711145e-10,-1.947385e-07,1.036895e-08,8.624004e-10,7.147500e-23,1.947385e-07
244,0.612677,1,turbulent,mid,-1.038859e-07,1.171434e-09,-1.923435e-07,1.182166e-08,8.994833e-10,8.235122e-23,1.923435e-07
245,0.602714,1,turbulent,mid,-1.028001e-07,8.795093e-10,-1.906931e-07,1.130661e-08,9.358674e-10,9.498668e-23,1.906931e-07
246,0.592751,1,turbulent,mid,-1.018443e-07,8.918093e-10,-1.892970e-07,1.129820e-08,9.727021e-10,1.097737e-22,1.892970e-07
247,0.582786,1,turbulent,mid,-1.016641e-07,-1.594729e-10,-1.893335e-07,9.566024e-09,1.007349e-09,1.270782e-22,1.893335e-07
248,0.572819,1,turbulent,mid,-1.015769e-07,4.510688e-10,-1.894709e-07,1.013549e-08,1.046666e-09,1.473809e-22,1.894709e-07
249,0.562851,1,turbulent,mid,-1.007483e-07,6.862014e-10,-1.882447e-07,1.070484e-08,1.082126e-09,1.713197e-22,1.882447e-07
250,0.552882,1,turbulent,mid,-9.934836e-08,1.467288e-09,-1.859383e-07,1.161850e-08,1.125277e-09,1.995204e-22,1.859383e-07
251,0.542911,1,turbulent,mid,-9.858052e-08,1.060053e-09,-1.848068e-07,1.106812e-08,1.162052e-09,2.329210e-22,1.848068e-07
252,0.532939,1,turbulent,mid,-9.785020e-08,1.152193e-09,-1.837398e-07,1.108061e-08,1.202466e-09,2.725277e-22,1.837398e-07
253,0.522965,1,turbulent,mid,-9.776106e-08,4.306254e-10,-1.838383e-07,1.004098e-08,1.235231e-09,3.195665e-22,1.838383e-07
254,0.512990,1,turbulent,mid,-9.776088e-08,4.344821e-10,-1.840477e-07,9.828492e-09,1.274526e-09,3.754638e-22,1.840477e-07
255,0.503014,1,turbulent,mid,-9.769043e-08,4.815114e-10,-1.841850e-07,9.875538e-09,1.311048e-09,4.422151e-22,1.841850e-07
256,0.493036,1,turbulent,mid,-9.701367e-08,9.418191e-10,-1.831184e-07,1.043992e-08,1.353496e-09,5.221100e-22,1.831184e-07
257,0.483057,1,turbulent,mid,-9.650252e-08,1.381002e-09,-1.824219e-07,1.095780e-08,1.395118e-09,6.180315e-22,1.824219e-07
258,0.473076,1,turbulent,mid,-9.547432e-08,1.534241e-09,-1.806980e-07,1.140951e-08,1.434564e-09,7.338998e-22,1.806980e-07
259,0.463094,1,turbulent,mid,-9.481966e-08,1.407879e-09,-1.797404e-07,1.091543e-08,1.476771e-09,8.734542e-22,1.797404e-07
260,0.453111,1,turbulent,mid,-9.576438e-08,5.709813e-10,-1.818013e-07,9.684514e-09,1.510418e-09,1.042341e-21,1.818013e-07
261,0.443126,1,turbulent,mid,-9.507809e-08,1.156735e-09,-1.807095e-07,1.056723e-08,1.555465e-09,1.247604e-21,1.807095e-07
262,0.433140,1,turbulent,mid,-9.444593e-08,8.349843e-10,-1.798403e-07,1.006578e-08,1.595317e-09,1.497682e-21,1.798403e-07
263,0.423153,1,turbulent,mid,-9.415108e-08,6.046951e-10,-1.795708e-07,9.704551e-09,1.639334e-09,1.803722e-21,1.795708e-07
264,0.413165,1,turbulent,mid,-9.394633e-08,4.467115e-10,-1.795202e-07,9.226158e-09,1.684062e-09,2.179657e-21,1.795202e-07
265,0.403175,1,turbulent,mid,-9.381204e-08,6.499189e-10,-1.796099e-07,9.505529e-09,1.723449e-09,2.643336e-21,1.796099e-07
266,0.393184,1,turbulent,mid,-9.440879e-08,1.335905e-10,-1.811024e-07,8.819513e-09,1.760536e-09,3.215724e-21,1.811024e-07
267,0.383192,1,turbulent,mid,-9.301400e-08,8.539450e-10,-1.787019e-07,9.887361e-09,1.807556e-09,3.928196e-21,1.787019e-07
268,0.373199,1,turbulent,mid,-9.295735e-08,5.018860e-11,-1.790973e-07,8.386078e-09,1.849478e-09,4.816406e-21,1.790973e-07
269,0.363205,1,turbulent,mid,-9.281771e-08,6.219732e-10,-1.793231e-07,9.168800e-09,1.899304e-09,5.932925e-21,1.793231e-07
270,0.353210,1,turbulent,mid,-9.254234e-08,3.924781e-10,-1.793412e-07,8.793529e-09,1.937516e-09,7.342166e-21,1.793412e-07
271,0.343214,1,turbulent,mid,-9.183750e-08,8.539961e-10,-1.783833e-07,9.629919e-09,1.972792e-09,9.132562e-21,1.783833e-07
272,0.333217,1,turbulent,mid,-9.139606e-08,2.019210e-10,-1.781012e-07,8.520227e-09,2.007694e-09,1.141311e-20,1.781012e-07
273,0.323220,1,turbulent,mid,-9.188525e-08,-3.055362e-10,-1.797830e-07,7.490757e-09,2.047399e-09,1.434199e-20,1.797830e-07
274,0.313223,1,turbulent,mid,-9.251763e-08,-5.211149e-10,-1.818276e-07,7.177137e-09,2.077016e-09,1.813959e-20,1.818276e-07
275,0.303225,1,turbulent,mid,-9.257238e-08,-3.108960e-10,-1.826769e-07,7.657825e-09,2.102063e-09,2.310372e-20,1.826769e-07
276,0.293227,1,turbulent,mid,-9.242156e-08,-3.906782e-10,-1.832486e-07,7.682041e-09,2.122449e-09,2.964500e-20,1.832486e-07
277,0.283230,1,turbulent,mid,-9.180647e-08,-6.201857e-10,-1.829834e-07,7.525420e-09,2.131777e-09,3.836167e-20,1.829834e-07
278,0.273232,1,turbulent,mid,-9.265345e-08,-2.024394e-09,-1.858820e-07,5.517859e-09,2.133269e-09,5.004957e-20,1.858820e-07
279,0.263236,1,turbulent,mid,-9.508142e-08,-4.881823e-09,-1.921695e-07,2.078988e-09,2.116787e-09,6.590300e-20,1.921695e-07
280,0.253240,1,turbulent,mid,-9.715767e-08,-9.090160e-09,-1.978477e-07,-2.388667e-09,2.079441e-09,8.757291e-20,1.978477e-07
281,0.243246,1,turbulent,mid,-9.623396e-08,-1.646174e-08,-1.973071e-07,-1.017083e-08,2.025295e-09,1.168937e-19,1.973071e-07
282,0.233253,1,turbulent,mid,-7.894121e-08,-2.842026e-08,-1.618795e-07,-2.328796e-08,2.012877e-09,1.542287e-19,1.618795e-07
283,0.223263,1,turbulent,mid,-2.816711e-08,2.667222e-08,-3.835395e-08,3.848733e-08,2.511976e-09,1.638207e-19,3.848733e-08
284,0.213275,1,turbulent,mid,1.176005e-07,-1.668488e-08,2.800374e-07,-1.771513e-08,3.773269e-10,3.041802e-19,2.800374e-07
285,0.203291,1,turbulent,mid,-4.051143e-08,-5.245217e-08,-6.779083e-08,-5.623707e-08,2.819508e-09,3.933971e-19,6.779083e-08
286,0.193310,1,turbulent,mid,3.203929e-08,-9.782205e-08,1.234880e-07,-1.240864e-07,2.950634e-09,9.480282e-19,1.240864e-07
287,0.183335,1,turbulent,mid,-8.970851e-08,3.986150e-08,-2.202422e-07,4.055741e-08,-5.439648e-09,9.630142e-19,2.202422e-07
288,0.173365,1,turbulent,mid,-4.409772e-07,-1.524623e-07,-1.112458e-06,-1.827047e-07,-8.484472e-09,1.388097e-18,1.112458e-06
289,0.163402,1,turbulent,mid,9.861850e-08,3.341341e-08,3.325098e-07,1.141147e-08,1.524510e-08,6.727979e-19,3.325098e-07
290,0.153447,1,turbulent,mid,-2.204681e-07,1.548349e-07,-4.507882e-07,1.646865e-07,1.465278e-08,-2.024100e-19,4.507882e-07
291,0.143503,1,turbulent,mid,2.662275e-07,-2.032408e-07,8.612546e-07,-2.520870e-07,1.840434e-08,-2.155942e-18,8.612546e-07
292,0.133570,1,turbulent,mid,-4.260737e-07,3.160066e-07,-1.192243e-06,4.303158e-07,-1.225920e-08,-5.750164e-18,1.192243e-06
293,0.123651,1,turbulent,mid,1.014169e-07,-1.527543e-07,3.092806e-07,-1.656291e-07,1.941518e-08,-1.405679e-17,3.092806e-07
294,0.113749,1,turbulent,mid,-5.774337e-08,6.299243e-08,-1.634562e-07,5.362376e-08,3.660436e-09,-2.894697e-17,1.634562e-07
295,0.103869,1,turbulent,mid,-1.827499e-07,1.397771e-07,-4.496758e-07,1.744205e-07,3.777431e-10,-7.276308e-17,4.496758e-07
296,0.094014,1,turbulent,mid,-1.871043e-08,-4.785310e-08,-2.559931e-08,-6.163687e-08,1.709585e-09,-1.792224e-16,6.163687e-08
297,0.084190,1,turbulent,mid,7.282472e-08,-1.263741e-08,2.171866e-07,-1.255635e-08,4.838259e-09,-4.331546e-16,2.171866e-07
298,0.074407,1,turbulent,mid,5.770670e-08,3.402837e-08,2.096739e-07,4.728291e-08,6.316577e-09,-8.189717e-16,2.096739e-07
299,0.064676,1,turbulent,mid,2.606051e-07,-7.098352e-11,7.372758e-07,1.094570e-09,6.912413e-09,-6.803491e-16,7.372758e-07
300,0.055012,1,turbulent,mid,4.149733e-07,-1.686935e-08,1.217171e-06,-2.140539e-08,8.088335e-09,-2.974423e-14,1.217171e-06
301,0.045443,1,laminar,le_band,1.460435e-07,-2.691008e-09,4.664928e-07,-3.663440e-09,-4.355888e-17,-1.280494e-09,4.664928e-07
302,0.036008,1,laminar,le_band,-7.599816e-08,-3.541031e-09,-2.029213e-07,-7.256893e-09,0.000000e+00,-1.280494e-09,2.029213e-07
303,0.026778,1,laminar,le_band,2.999357e-09,4.951652e-10,-1.562980e-08,-5.508396e-09,0.000000e+00,-1.280494e-09,1.562980e-08
304,0.017890,1,inflow_pin,le_inflow,0.000000e+00,0.000000e+00,0.000000e+00,0.000000e+00,0.000000e+00,0.000000e+00,0.000000e+00
305,0.009657,1,inflow_pin,le_inflow,0.000000e+00,0.000000e+00,0.000000e+00,0.000000e+00,0.000000e+00,0.000000e+00,0.000000e+00
306,0.002928,1,inflow_pin,le_inflow,0.000000e+00,0.000000e+00,0.000000e+00,0.000000e+00,0.000000e+00,0.000000e+00,0.000000e+00
307,0.002928,-1,inflow_pin,le_inflow,0.000000e+00,0.000000e+00,0.000000e+00,0.000000e+00,0.000000e+00,0.000000e+00,0.000000e+00
308,0.009657,-1,inflow_pin,le_inflow,0.000000e+00,0.000000e+00,0.000000e+00,0.000000e+00,0.000000e+00,0.000000e+00,0.000000e+00
309,0.017890,-1,inflow_pin,le_inflow,0.000000e+00,0.000000e+00,0.000000e+00,0.000000e+00,0.000000e+00,0.000000e+00,0.000000e+00
310,0.026778,-1,laminar,le_band,1.239203e-07,-3.659656e-09,9.614157e-08,-1.744756e-08,0.000000e+00,-1.280494e-09,1.239203e-07
311,0.036008,-1,laminar,le_band,1.392472e-07,-9.685150e-09,1.470396e-07,-2.261128e-08,0.000000e+00,-1.280494e-09,1.470396e-07
312,0.045443,-1,laminar,le_band,1.919501e-07,-3.316582e-08,2.521242e-07,-4.079328e-08,0.000000e+00,-1.280494e-09,2.521242e-07
313,0.055012,-1,turbulent,mid,2.508090e-07,-1.230017e-07,4.693586e-07,-1.307311e-07,7.776644e-09,-2.512180e-14,4.693586e-07
314,0.064676,-1,turbulent,mid,1.609567e-07,1.287133e-07,2.635394e-07,1.172487e-07,-2.145859e-09,-3.671285e-15,2.635394e-07
315,0.074407,-1,turbulent,mid,6.612499e-08,2.722465e-07,9.920873e-08,2.877327e-07,-8.266509e-09,-3.431311e-15,2.877327e-07
316,0.084190,-1,turbulent,mid,7.340963e-08,-2.098429e-07,1.974215e-07,-1.704725e-07,-4.577158e-09,-9.654035e-16,2.098429e-07
317,0.094014,-1,turbulent,mid,1.673730e-07,-2.228814e-07,2.823733e-07,-1.506094e-07,-8.775585e-09,-5.169391e-16,2.823733e-07
318,0.103869,-1,turbulent,mid,3.375145e-07,-2.057917e-07,7.050661e-07,-1.842889e-07,2.037305e-08,-4.461394e-18,7.050661e-07
319,0.113749,-1,turbulent,mid,3.138725e-07,-4.956807e-08,6.822054e-07,-6.602074e-08,1.782839e-08,-4.960265e-17,6.822054e-07
320,0.123651,-1,turbulent,mid,-3.824470e-08,2.354918e-07,-3.778256e-08,2.184278e-07,1.758533e-08,-6.826530e-18,2.354918e-07
321,0.133570,-1,turbulent,mid,-3.404977e-07,3.291355e-07,-6.998071e-07,3.216209e-07,7.920225e-09,-1.834171e-18,6.998071e-07
322,0.143503,-1,turbulent,mid,2.056372e-07,-1.422969e-07,4.393363e-07,-1.532480e-07,6.533097e-09,1.836705e-18,4.393363e-07
323,0.153447,-1,turbulent,mid,1.245726e-07,5.436936e-08,2.482810e-07,5.485741e-08,3.264542e-09,5.068628e-18,2.482810e-07
324,0.163402,-1,turbulent,mid,-1.982069e-07,1.004842e-07,-5.148975e-07,1.062434e-07,-2.814484e-09,6.351065e-18,5.148975e-07
325,0.173365,-1,turbulent,mid,-4.744262e-07,-1.965310e-07,-9.775227e-07,-1.672506e-07,6.239702e-09,4.359223e-18,9.775227e-07
326,0.183335,-1,turbulent,mid,-4.692736e-08,-6.349979e-07,8.343536e-08,-5.912876e-07,2.202316e-08,3.370501e-18,6.349979e-07
327,0.193310,-1,turbulent,mid,6.382139e-07,1.380104e-07,1.390497e-06,1.490421e-07,5.346506e-09,2.017115e-18,1.390497e-06
328,0.203291,-1,turbulent,mid,4.675231e-07,1.855527e-07,1.057134e-06,1.938523e-07,6.486122e-09,1.523495e-18,1.057134e-06
329,0.213275,-1,turbulent,mid,6.445409e-08,-3.761842e-08,1.399993e-07,-4.429739e-08,2.648366e-09,8.691343e-19,1.399993e-07
330,0.223263,-1,turbulent,mid,4.103178e-08,5.598908e-08,9.206575e-08,5.223744e-08,2.204533e-09,5.360405e-19,9.206575e-08
331,0.233253,-1,turbulent,mid,-1.110237e-07,5.319320e-08,-2.173057e-07,5.068596e-08,2.329319e-09,3.875500e-19,2.173057e-07
332,0.243246,-1,turbulent,mid,-4.508321e-08,-2.930186e-09,-8.228395e-08,-5.672312e-09,2.242515e-09,2.950205e-19,8.228395e-08
333,0.253240,-1,turbulent,mid,-1.002910e-07,6.875326e-08,-1.931834e-07,7.204273e-08,1.850643e-09,2.261373e-19,1.931834e-07
334,0.263236,-1,turbulent,mid,2.182822e-08,1.388570e-07,3.691811e-08,1.404110e-07,1.592292e-09,2.456969e-19,1.404110e-07
335,0.273232,-1,turbulent,mid,2.381573e-08,-1.676360e-08,4.470308e-08,-2.705041e-08,2.351846e-09,2.047049e-19,4.470308e-08
336,0.283230,-1,turbulent,mid,-6.674271e-08,-2.621384e-08,-1.335255e-07,-2.626278e-08,1.970161e-09,1.456083e-19,1.335255e-07
337,0.293227,-1,turbulent,mid,-5.266165e-08,-1.749171e-08,-1.041404e-07,-1.615990e-08,1.838778e-09,1.185240e-19,1.041404e-07
338,0.303225,-1,turbulent,mid,-2.689693e-08,-1.239094e-08,-5.563510e-08,-1.016105e-08,1.856456e-09,9.384861e-20,5.563510e-08
339,0.313223,-1,turbulent,mid,1.151897e-07,1.240728e-07,2.325710e-07,1.268448e-07,1.363263e-09,6.894780e-20,2.325710e-07
340,0.323220,-1,turbulent,mid,1.083801e-07,1.514195e-07,2.073048e-07,1.539844e-07,-9.032003e-10,5.405007e-20,2.073048e-07
341,0.333217,-1,turbulent,mid,-2.478681e-07,-9.778921e-08,-4.943141e-07,-9.894598e-08,1.131880e-09,5.957599e-20,4.943141e-07
342,0.343214,-1,turbulent,mid,-6.913106e-08,-4.299947e-08,-1.313833e-07,-4.000253e-08,1.471283e-09,4.575714e-20,1.313833e-07
343,0.353210,-1,turbulent,mid,-3.539707e-08,-2.075410e-08,-6.752686e-08,-1.770932e-08,1.642642e-09,3.496624e-20,6.752686e-08
344,0.363205,-1,turbulent,mid,-2.439887e-08,-1.441854e-08,-4.638259e-08,-1.195839e-08,1.700944e-09,2.787240e-20,4.638259e-08
345,0.373199,-1,turbulent,mid,-2.431744e-08,-7.707930e-09,-4.580671e-08,-4.878423e-09,1.685989e-09,2.275067e-20,4.580671e-08
346,0.383192,-1,turbulent,mid,-2.552838e-08,-6.116581e-09,-4.774491e-08,-3.019629e-09,1.659752e-09,1.875781e-20,4.774491e-08
347,0.393184,-1,turbulent,mid,-2.734318e-08,-5.119062e-09,-5.095687e-08,-1.975514e-09,1.625092e-09,1.554102e-20,5.095687e-08
348,0.403175,-1,turbulent,mid,-2.905749e-08,-3.460674e-09,-5.403027e-08,-2.160204e-10,1.592166e-09,1.291328e-20,5.403027e-08
349,0.413165,-1,turbulent,mid,-3.083963e-08,-2.770464e-09,-5.720971e-08,5.879077e-10,1.558385e-09,1.076792e-20,5.720971e-08
350,0.423153,-1,turbulent,mid,-3.243320e-08,-2.504457e-09,-6.011614e-08,9.397963e-10,1.524804e-09,9.006990e-21,6.011614e-08
351,0.433140,-1,turbulent,mid,-3.393585e-08,-2.255443e-09,-6.291146e-08,1.171134e-09,1.492901e-09,7.554204e-21,6.291146e-08
352,0.443126,-1,turbulent,mid,-3.522565e-08,-1.670247e-09,-6.530420e-08,1.876540e-09,1.462912e-09,6.349430e-21,6.530420e-08
353,0.453111,-1,turbulent,mid,-3.641066e-08,-1.125920e-09,-6.748771e-08,2.566900e-09,1.433601e-09,5.350634e-21,6.748771e-08
354,0.463094,-1,turbulent,mid,-3.778632e-08,-1.600678e-10,-7.002739e-08,3.733816e-09,1.402857e-09,4.519939e-21,7.002739e-08
355,0.473076,-1,turbulent,mid,-3.854035e-08,6.185807e-10,-7.146615e-08,4.881424e-09,1.377002e-09,3.827594e-21,7.146615e-08
356,0.483057,-1,turbulent,mid,-3.989094e-08,5.404664e-10,-7.391982e-08,4.940228e-09,1.348158e-09,3.251382e-21,7.391982e-08
357,0.493036,-1,turbulent,mid,-4.118203e-08,6.979600e-11,-7.634837e-08,4.541046e-09,1.318941e-09,2.768212e-21,7.634837e-08
358,0.503014,-1,turbulent,mid,-4.204477e-08,-4.922332e-10,-7.801837e-08,3.864270e-09,1.293547e-09,2.361474e-21,7.801837e-08
359,0.512990,-1,turbulent,mid,-4.306380e-08,-1.670061e-10,-7.996565e-08,4.244846e-09,1.266459e-09,2.017695e-21,7.996565e-08
360,0.522965,-1,turbulent,mid,-4.406849e-08,5.480832e-11,-8.186396e-08,4.642003e-09,1.239832e-09,1.727862e-21,8.186396e-08
361,0.532939,-1,turbulent,mid,-4.522783e-08,2.293414e-10,-8.397196e-08,5.009521e-09,1.212070e-09,1.483047e-21,8.397196e-08
362,0.542911,-1,turbulent,mid,-4.632082e-08,6.297013e-10,-8.600684e-08,5.646936e-09,1.184966e-09,1.275794e-21,8.600684e-08
363,0.552882,-1,turbulent,mid,-4.703624e-08,5.055461e-10,-8.742888e-08,5.576307e-09,1.161452e-09,1.099822e-21,8.742888e-08
364,0.562851,-1,turbulent,mid,-4.806885e-08,4.585598e-10,-8.932418e-08,5.569142e-09,1.136134e-09,9.497050e-22,8.932418e-08
365,0.572819,-1,turbulent,mid,-4.927194e-08,3.444524e-10,-9.149663e-08,5.592257e-09,1.108746e-09,8.216445e-22,9.149663e-08
366,0.582786,-1,turbulent,mid,-5.038981e-08,8.551444e-11,-9.353415e-08,5.381804e-09,1.081807e-09,7.123310e-22,9.353415e-08
367,0.592751,-1,turbulent,mid,-5.190157e-08,1.340377e-10,-9.621492e-08,5.498944e-09,1.052599e-09,6.187125e-22,9.621492e-08
368,0.602714,-1,turbulent,mid,-5.267322e-08,2.049966e-10,-9.765073e-08,5.848949e-09,1.028390e-09,5.383437e-22,9.765073e-08
369,0.612677,-1,turbulent,mid,-5.370705e-08,3.857054e-11,-9.951280e-08,5.597125e-09,1.003630e-09,4.692820e-22,9.951280e-08
370,0.622637,-1,turbulent,mid,-5.477814e-08,3.685446e-10,-1.014049e-07,6.146295e-09,9.770467e-10,4.096329e-22,1.014049e-07
371,0.632597,-1,turbulent,mid,-5.603858e-08,6.819841e-11,-1.035675e-07,5.971886e-09,9.508385e-10,3.583299e-22,1.035675e-07
372,0.642555,-1,turbulent,mid,-5.769557e-08,-8.836606e-11,-1.064057e-07,5.861013e-09,9.204497e-10,3.139761e-22,1.064057e-07
373,0.652511,-1,turbulent,mid,-5.893532e-08,1.493872e-10,-1.084928e-07,6.337620e-09,8.930513e-10,2.755356e-22,1.084928e-07
374,0.662467,-1,turbulent,mid,-6.029453e-08,-1.012842e-10,-1.108233e-07,6.129193e-09,8.659178e-10,2.422312e-22,1.108233e-07
375,0.672420,-1,turbulent,mid,-6.202094e-08,-1.776007e-10,-1.136617e-07,6.050413e-09,8.349447e-10,2.132120e-22,1.136617e-07
376,0.682373,-1,turbulent,mid,-6.333225e-08,7.898114e-10,-1.157348e-07,7.626391e-09,8.054184e-10,1.879534e-22,1.157348e-07
377,0.692324,-1,turbulent,mid,-6.519970e-08,7.636343e-10,-1.188088e-07,7.694246e-09,7.753199e-10,1.660419e-22,1.188088e-07
378,0.702273,-1,turbulent,mid,-6.702757e-08,4.880082e-10,-1.217654e-07,7.463373e-09,7.440665e-10,1.468586e-22,1.217654e-07
379,0.712221,-1,turbulent,mid,-6.925850e-08,4.514155e-11,-1.252602e-07,7.110094e-09,7.104564e-10,1.300762e-22,1.252602e-07
380,0.722168,-1,turbulent,mid,-7.193898e-08,-3.368578e-10,-1.295294e-07,6.891021e-09,6.718235e-10,1.153838e-22,1.295294e-07
381,0.732113,-1,turbulent,mid,-7.430147e-08,-5.523523e-10,-1.332049e-07,6.819459e-09,6.354504e-10,1.024910e-22,1.332049e-07
382,0.742057,-1,turbulent,mid,-7.667291e-08,-2.322873e-10,-1.368742e-07,7.447426e-09,5.985978e-10,9.115360e-23,1.368742e-07
383,0.751999,-1,turbulent,mid,-7.929341e-08,-3.826794e-10,-1.408594e-07,7.491087e-09,5.604558e-10,8.117308e-23,1.408594e-07
384,0.761940,-1,turbulent,mid,-8.253242e-08,-6.913777e-11,-1.457533e-07,8.215735e-09,5.170410e-10,7.237988e-23,1.457533e-07
385,0.771879,-1,turbulent,mid,-8.593170e-08,-4.560398e-10,-1.508789e-07,8.058625e-09,4.729509e-10,6.462985e-23,1.508789e-07
386,0.781817,-1,turbulent,mid,-9.002686e-08,-5.845603e-10,-1.570611e-07,8.115234e-09,4.235529e-10,5.777670e-23,1.570611e-07
387,0.791753,-1,turbulent,mid,-9.422495e-08,-1.123743e-09,-1.632539e-07,7.902897e-09,3.716564e-10,5.171205e-23,1.632539e-07
388,0.801688,-1,turbulent,mid,-9.953421e-08,-1.063336e-09,-1.711610e-07,8.387452e-09,3.126540e-10,4.634454e-23,1.711610e-07
389,0.811621,-1,turbulent,mid,-1.043872e-07,-1.151378e-09,-1.782519e-07,8.740897e-09,2.544087e-10,4.157790e-23,1.782519e-07
390,0.821553,-1,turbulent,mid,-1.096323e-07,-4.465843e-10,-1.857987e-07,1.003211e-08,1.940843e-10,3.734056e-23,1.857987e-07
391,0.831483,-1,turbulent,mid,-1.159559e-07,-7.419855e-10,-1.949983e-07,1.010712e-08,1.273067e-10,3.356249e-23,1.949983e-07
392,0.841411,-1,turbulent,mid,-1.229347e-07,-9.393578e-10,-2.048878e-07,1.046663e-08,5.262553e-11,3.019517e-23,2.048878e-07
393,0.851337,-1,turbulent,mid,-1.315961e-07,-7.011817e-10,-2.173141e-07,1.145282e-08,-3.403597e-11,2.720118e-23,2.173141e-07
394,0.861262,-1,turbulent,mid,-1.414899e-07,-1.193575e-09,-2.314278e-07,1.164705e-08,-1.283153e-10,2.453214e-23,2.314278e-07
395,0.871185,-1,turbulent,mid,-1.524584e-07,-1.524595e-09,-2.469205e-07,1.217721e-08,-2.306916e-10,2.214755e-23,2.469205e-07
396,0.881106,-1,turbulent,mid,-1.651916e-07,-2.760740e-09,-2.649011e-07,1.153343e-08,-3.449848e-10,2.000556e-23,2.649011e-07
397,0.891026,-1,turbulent,mid,-1.800250e-07,-3.789564e-09,-2.854457e-07,1.147196e-08,-4.767331e-10,1.808148e-23,2.854457e-07
398,0.900943,-1,turbulent,te_band,-1.986896e-07,-5.060852e-09,-3.113653e-07,1.137220e-08,-6.352911e-10,1.636307e-23,3.113653e-07
399,0.910858,-1,turbulent,te_band,-2.217270e-07,-6.447894e-09,-3.432636e-07,1.128601e-08,-8.289576e-10,1.483866e-23,3.432636e-07
400,0.920772,-1,turbulent,te_band,-2.495908e-07,-4.796435e-09,-3.810942e-07,1.552409e-08,-1.044264e-09,1.346699e-23,3.810942e-07
401,0.930683,-1,turbulent,te_band,-2.845606e-07,-6.476120e-09,-4.284344e-07,1.572391e-08,-1.308178e-09,1.223611e-23,4.284344e-07
402,0.940593,-1,turbulent,te_band,-3.219125e-07,-1.167550e-08,-4.787642e-07,1.210625e-08,-1.623631e-09,1.106625e-23,4.787642e-07
403,0.950500,-1,turbulent,te_band,-3.109329e-07,-1.461447e-09,-4.579809e-07,3.053506e-08,-1.591712e-09,9.506446e-24,4.579809e-07
404,0.960405,-1,turbulent,te_band,-2.762682e-07,2.887016e-08,-3.967373e-07,4.868765e-08,-1.846068e-09,8.006522e-24,3.967373e-07
405,0.970307,-1,turbulent,te_band,-4.814913e-07,-1.365160e-07,-6.758019e-07,-1.218776e-07,-2.744038e-09,6.967548e-24,6.758019e-07
406,0.980207,-1,turbulent,te_band,-6.913675e-07,-1.608093e-07,-9.442866e-07,-1.400656e-07,-4.638658e-09,6.551871e-24,9.442866e-07
407,0.990105,-1,turbulent,te_band,-1.211086e-06,-1.593023e-07,-1.583743e-06,-3.474877e-08,-4.940105e-09,1.057623e-23,1.583743e-06
408,1.000000,1,turbulent,te_band,-6.167670e-07,-1.799603e-07,-8.062206e-07,-7.957255e-08,-5.788404e-09,1.205652e-24,8.062206e-07
409,1.000000,1,turbulent,te_band,-5.958245e-07,-6.214429e-08,-7.880364e-07,-4.997280e-08,-3.348466e-09,4.427373e-25,7.880364e-07
