x_c,side,ds_ours,ds_xfoil,err_ds,cf_ours,cf_xfoil,err_cf,cf_ours_localframe,err_cf_localframe,window
0.002928,upper,1.069799e-04,5.575213e-05,+0.9188,3.840373e-03,1.046286e-02,-0.6330,4.928774e-03,-0.5289,pinned
0.009657,upper,1.316980e-04,8.770772e-05,+0.5016,4.360125e-03,7.649618e-03,-0.4300,3.224228e-03,-0.5785,pinned
0.017890,upper,1.540315e-04,1.218502e-04,+0.2641,4.194044e-03,5.363111e-03,-0.2180,2.600060e-03,-0.5152,pinned
0.026778,upper,1.678990e-04,1.544814e-04,+0.0869,4.154936e-03,4.024369e-03,+0.0324,2.443700e-03,-0.3928,le
0.036008,upper,1.952966e-04,1.846039e-04,+0.0579,3.543258e-03,3.212473e-03,+0.1030,2.053944e-03,-0.3606,le
0.045443,upper,2.209514e-04,2.112282e-04,+0.0460,3.082122e-03,2.735445e-03,+0.1267,1.784933e-03,-0.3475,le
0.055012,upper,2.027694e-04,2.112872e-04,-0.0403,5.554594e-03,3.865134e-03,+0.4371,3.229688e-03,-0.1644,banded
0.064676,upper,2.299309e-04,1.925441e-04,+0.1942,7.796906e-03,6.909488e-03,+0.1284,4.562499e-03,-0.3397,banded
0.074407,upper,2.778904e-04,2.173477e-04,+0.2786,6.989549e-03,7.834191e-03,-0.1078,4.112363e-03,-0.4751,banded
0.084190,upper,3.096583e-04,2.564727e-04,+0.2074,6.951824e-03,7.504492e-03,-0.0736,4.112455e-03,-0.4520,banded
0.094014,upper,3.463376e-04,2.970629e-04,+0.1659,6.829566e-03,7.090979e-03,-0.0369,4.065528e-03,-0.4267,banded
0.103869,upper,3.797885e-04,3.362940e-04,+0.1293,7.046389e-03,6.759601e-03,+0.0424,4.223164e-03,-0.3752,banded
0.113749,upper,4.132064e-04,3.742600e-04,+0.1041,6.813369e-03,6.503849e-03,+0.0476,4.111589e-03,-0.3678,banded
0.123651,upper,4.431843e-04,4.113369e-04,+0.0774,6.875059e-03,6.292647e-03,+0.0926,4.177879e-03,-0.3361,banded
0.133570,upper,4.770471e-04,4.478915e-04,+0.0651,6.770252e-03,6.111817e-03,+0.1077,4.143306e-03,-0.3221,banded
0.143503,upper,5.062506e-04,4.841614e-04,+0.0456,6.587971e-03,5.954762e-03,+0.1063,4.059077e-03,-0.3183,banded
0.153447,upper,5.428823e-04,5.206530e-04,+0.0427,6.355877e-03,5.814407e-03,+0.0931,3.941997e-03,-0.3220,banded
0.163402,upper,5.748460e-04,5.562921e-04,+0.0334,6.279188e-03,5.685130e-03,+0.1045,3.921421e-03,-0.3102,banded
0.173365,upper,5.900609e-04,5.922571e-04,-0.0037,6.293220e-03,5.565880e-03,+0.1307,3.959668e-03,-0.2886,banded
0.183335,upper,6.215060e-04,6.279171e-04,-0.0102,6.196255e-03,5.453934e-03,+0.1361,3.928411e-03,-0.2797,banded
0.193310,upper,6.370608e-04,6.633078e-04,-0.0396,6.113077e-03,5.348903e-03,+0.1429,3.906056e-03,-0.2697,banded
0.203291,upper,6.696952e-04,6.984844e-04,-0.0412,5.981531e-03,5.250150e-03,+0.1393,3.850441e-03,-0.2666,banded
0.213275,upper,6.794588e-04,7.345550e-04,-0.0750,5.898608e-03,5.157112e-03,+0.1438,3.820715e-03,-0.2591,banded
0.223263,upper,7.586806e-04,7.704237e-04,-0.0152,5.748798e-03,5.068324e-03,+0.1343,3.743697e-03,-0.2614,banded
0.233253,upper,7.969768e-04,8.061397e-04,-0.0114,5.572949e-03,4.983204e-03,+0.1183,3.646286e-03,-0.2683,banded
0.243246,upper,8.369545e-04,8.416948e-04,-0.0056,5.417068e-03,4.901958e-03,+0.1051,3.565077e-03,-0.2727,banded
0.253240,upper,8.733855e-04,8.777353e-04,-0.0050,5.287202e-03,4.824016e-03,+0.0960,3.503458e-03,-0.2737,banded
0.263236,upper,8.907870e-04,9.134121e-04,-0.0248,5.274705e-03,4.748981e-03,+0.1107,3.520275e-03,-0.2587,banded
0.273232,upper,9.223698e-04,9.494244e-04,-0.0285,5.167586e-03,4.676982e-03,+0.1049,3.472900e-03,-0.2574,banded
0.283230,upper,9.537733e-04,9.855774e-04,-0.0323,5.075357e-03,4.607625e-03,+0.1015,3.433202e-03,-0.2549,banded
0.293227,upper,9.846433e-04,1.022638e-03,-0.0372,4.985993e-03,4.540839e-03,+0.0980,3.394386e-03,-0.2525,banded
0.303225,upper,1.015865e-03,1.058719e-03,-0.0405,4.897430e-03,4.475656e-03,+0.0942,3.355479e-03,-0.2503,banded
0.313223,upper,1.046897e-03,1.095692e-03,-0.0445,4.812478e-03,4.412977e-03,+0.0905,3.318322e-03,-0.2481,banded
0.323220,upper,1.077786e-03,1.132579e-03,-0.0484,4.731168e-03,4.352505e-03,+0.0870,3.282959e-03,-0.2457,banded
0.333217,upper,1.108714e-03,1.169377e-03,-0.0519,4.653795e-03,4.293706e-03,+0.0839,3.249821e-03,-0.2431,banded
0.343214,upper,1.139338e-03,1.206532e-03,-0.0557,4.582000e-03,4.236924e-03,+0.0814,3.219945e-03,-0.2400,banded
0.353210,upper,1.169892e-03,1.244253e-03,-0.0598,4.510916e-03,4.181403e-03,+0.0788,3.189920e-03,-0.2371,banded
0.363205,upper,1.200476e-03,1.281904e-03,-0.0635,4.441609e-03,4.127734e-03,+0.0760,3.160383e-03,-0.2344,banded
0.373199,upper,1.231350e-03,1.319491e-03,-0.0668,4.372397e-03,4.075112e-03,+0.0730,3.130587e-03,-0.2318,banded
0.383192,upper,1.261986e-03,1.357031e-03,-0.0700,4.310062e-03,4.024044e-03,+0.0711,3.105255e-03,-0.2283,banded
0.393184,upper,1.292825e-03,1.395308e-03,-0.0734,4.246615e-03,3.973737e-03,+0.0687,3.078583e-03,-0.2253,banded
0.403175,upper,1.323486e-03,1.433817e-03,-0.0769,4.185988e-03,3.925229e-03,+0.0664,3.053374e-03,-0.2221,banded
0.413165,upper,1.353997e-03,1.472248e-03,-0.0803,4.127946e-03,3.878141e-03,+0.0644,3.029344e-03,-0.2189,banded
0.423153,upper,1.384750e-03,1.510643e-03,-0.0833,4.070702e-03,3.831270e-03,+0.0625,3.005593e-03,-0.2155,banded
0.433140,upper,1.415615e-03,1.550032e-03,-0.0867,4.015417e-03,3.786558e-03,+0.0604,2.982883e-03,-0.2122,banded
0.443126,upper,1.446378e-03,1.589345e-03,-0.0900,3.962439e-03,3.742077e-03,+0.0589,2.961381e-03,-0.2086,banded
0.453111,upper,1.477361e-03,1.628672e-03,-0.0929,3.908581e-03,3.698706e-03,+0.0567,2.938869e-03,-0.2054,banded
0.463094,upper,1.508074e-03,1.668184e-03,-0.0960,3.858445e-03,3.656548e-03,+0.0552,2.918611e-03,-0.2018,banded
0.473076,upper,1.538871e-03,1.708451e-03,-0.0993,3.809534e-03,3.615222e-03,+0.0537,2.898752e-03,-0.1982,banded
0.483057,upper,1.569960e-03,1.748681e-03,-0.1022,3.760841e-03,3.574319e-03,+0.0522,2.878885e-03,-0.1946,banded
0.493036,upper,1.601030e-03,1.789295e-03,-0.1052,3.712253e-03,3.534592e-03,+0.0503,2.858623e-03,-0.1912,banded
0.503014,upper,1.632283e-03,1.830016e-03,-0.1081,3.664957e-03,3.495484e-03,+0.0485,2.839044e-03,-0.1878,banded
0.512990,upper,1.663467e-03,1.870710e-03,-0.1108,3.619033e-03,3.456960e-03,+0.0469,2.820134e-03,-0.1842,banded
0.522965,upper,1.694710e-03,1.912463e-03,-0.1139,3.574438e-03,3.419595e-03,+0.0453,2.801925e-03,-0.1806,banded
0.532939,upper,1.725869e-03,1.953941e-03,-0.1167,3.532256e-03,3.382054e-03,+0.0444,2.785207e-03,-0.1765,banded
0.542911,upper,1.757287e-03,1.995727e-03,-0.1195,3.489469e-03,3.345582e-03,+0.0430,2.767711e-03,-0.1727,banded
0.552882,upper,1.788789e-03,2.038613e-03,-0.1225,3.448424e-03,3.309784e-03,+0.0419,2.751349e-03,-0.1687,banded
0.562851,upper,1.820572e-03,2.080917e-03,-0.1251,3.406431e-03,3.274021e-03,+0.0404,2.733917e-03,-0.1650,banded
0.572819,upper,1.852447e-03,2.123850e-03,-0.1278,3.365577e-03,3.239145e-03,+0.0390,2.717164e-03,-0.1611,banded
0.582786,upper,1.884371e-03,2.167838e-03,-0.1308,3.324531e-03,3.204484e-03,+0.0375,2.699930e-03,-0.1575,banded
0.592751,upper,1.916312e-03,2.211941e-03,-0.1337,3.286840e-03,3.169832e-03,+0.0369,2.685164e-03,-0.1529,banded
0.602714,upper,1.948415e-03,2.256015e-03,-0.1363,3.248893e-03,3.136244e-03,+0.0359,2.669941e-03,-0.1487,banded
0.612677,upper,1.980716e-03,2.301108e-03,-0.1392,3.211742e-03,3.102687e-03,+0.0351,2.655148e-03,-0.1442,banded
0.622637,upper,2.013292e-03,2.346188e-03,-0.1419,3.173570e-03,3.069139e-03,+0.0340,2.639242e-03,-0.1401,banded
0.632597,upper,2.046247e-03,2.391564e-03,-0.1444,3.135247e-03,3.035789e-03,+0.0328,2.623139e-03,-0.1359,banded
0.642555,upper,2.079350e-03,2.438723e-03,-0.1474,3.100139e-03,3.003086e-03,+0.0323,2.609544e-03,-0.1310,banded
0.652511,upper,2.112697e-03,2.485836e-03,-0.1501,3.064477e-03,2.969846e-03,+0.0319,2.595324e-03,-0.1261,banded
0.662467,upper,2.146098e-03,2.533238e-03,-0.1528,3.029284e-03,2.937405e-03,+0.0313,2.581299e-03,-0.1212,banded
0.672420,upper,2.179796e-03,2.581706e-03,-0.1557,2.993493e-03,2.904625e-03,+0.0306,2.566491e-03,-0.1164,banded
0.682373,upper,2.214066e-03,2.631274e-03,-0.1586,2.958206e-03,2.871552e-03,+0.0302,2.552104e-03,-0.1112,banded
0.692324,upper,2.248731e-03,2.681447e-03,-0.1614,2.922543e-03,2.839149e-03,+0.0294,2.537310e-03,-0.1063,banded
0.702273,upper,2.284054e-03,2.732623e-03,-0.1642,2.886880e-03,2.806242e-03,+0.0287,2.522506e-03,-0.1011,banded
0.712221,upper,2.319610e-03,2.784898e-03,-0.1671,2.852084e-03,2.772786e-03,+0.0286,2.508338e-03,-0.0954,banded
0.722168,upper,2.355568e-03,2.837721e-03,-0.1699,2.816329e-03,2.739351e-03,+0.0281,2.493202e-03,-0.0899,banded
0.732113,upper,2.392565e-03,2.892254e-03,-0.1728,2.779804e-03,2.705922e-03,+0.0273,2.477442e-03,-0.0844,banded
0.742057,upper,2.430038e-03,2.948285e-03,-0.1758,2.744463e-03,2.671826e-03,+0.0272,2.462774e-03,-0.0782,banded
0.751999,upper,2.468137e-03,3.005397e-03,-0.1788,2.708580e-03,2.637362e-03,+0.0270,2.447638e-03,-0.0719,banded
0.761940,upper,2.506963e-03,3.064349e-03,-0.1819,2.672587e-03,2.602143e-03,+0.0271,2.432409e-03,-0.0652,banded
0.771879,upper,2.546762e-03,3.125468e-03,-0.1852,2.636132e-03,2.566645e-03,+0.0271,2.416777e-03,-0.0584,banded
0.781817,upper,2.588005e-03,3.188809e-03,-0.1884,2.599204e-03,2.530274e-03,+0.0272,2.401006e-03,-0.0511,banded
0.791753,upper,2.630365e-03,3.254272e-03,-0.1917,2.560879e-03,2.492844e-03,+0.0273,2.384107e-03,-0.0436,banded
0.801688,upper,2.674057e-03,3.321954e-03,-0.1950,2.521850e-03,2.454303e-03,+0.0275,2.366667e-03,-0.0357,banded
0.811621,upper,2.719116e-03,3.392793e-03,-0.1986,2.482877e-03,2.415657e-03,+0.0278,2.349488e-03,-0.0274,banded
0.821553,upper,2.766326e-03,3.466966e-03,-0.2021,2.441836e-03,2.374911e-03,+0.0282,2.330736e-03,-0.0186,banded
0.831483,upper,2.815761e-03,3.544522e-03,-0.2056,2.400197e-03,2.332027e-03,+0.0292,2.311804e-03,-0.0087,banded
0.841411,upper,2.867496e-03,3.626627e-03,-0.2093,2.356236e-03,2.288012e-03,+0.0298,2.290981e-03,+0.0013,banded
0.851337,upper,2.922149e-03,3.714240e-03,-0.2133,2.311093e-03,2.242718e-03,+0.0305,2.269573e-03,+0.0120,banded
0.861262,upper,2.980598e-03,3.807248e-03,-0.2171,2.264232e-03,2.195066e-03,+0.0315,2.247081e-03,+0.0237,banded
0.871185,upper,3.043003e-03,3.906396e-03,-0.2210,2.215896e-03,2.144302e-03,+0.0334,2.223820e-03,+0.0371,banded
0.881106,upper,3.110804e-03,4.013643e-03,-0.2249,2.162747e-03,2.090981e-03,+0.0343,2.196475e-03,+0.0505,banded
0.891026,upper,3.186877e-03,4.130261e-03,-0.2284,2.103310e-03,2.034604e-03,+0.0338,2.163696e-03,+0.0634,banded
0.900943,upper,3.269368e-03,4.257571e-03,-0.2321,2.042475e-03,1.975042e-03,+0.0341,2.130347e-03,+0.0786,banded
0.910858,upper,3.362201e-03,4.397961e-03,-0.2355,1.977587e-03,1.910768e-03,+0.0350,2.094027e-03,+0.0959,banded
0.920772,upper,3.467038e-03,4.554522e-03,-0.2388,1.914811e-03,1.842062e-03,+0.0395,2.061647e-03,+0.1192,banded
0.930683,upper,3.591109e-03,4.730064e-03,-0.2408,1.845481e-03,1.767956e-03,+0.0439,2.023488e-03,+0.1445,banded
0.940593,upper,3.747660e-03,4.930203e-03,-0.2399,1.770610e-03,1.687420e-03,+0.0493,1.979185e-03,+0.1729,banded
0.950500,upper,3.905244e-03,5.159877e-03,-0.2432,1.675344e-03,1.599965e-03,+0.0471,1.912888e-03,+0.1956,te
0.960405,upper,4.138256e-03,5.426824e-03,-0.2374,1.646997e-03,1.504131e-03,+0.0950,1.928974e-03,+0.2825,te
0.970307,upper,4.346642e-03,5.750258e-03,-0.2441,1.566310e-03,1.398431e-03,+0.1200,1.893790e-03,+0.3542,te
0.980207,upper,4.884518e-03,6.136955e-03,-0.2041,1.352323e-03,1.283116e-03,+0.0539,1.711584e-03,+0.3339,te
0.990105,upper,5.287395e-03,6.602290e-03,-0.1992,1.335083e-03,1.157407e-03,+0.1535,1.719694e-03,+0.4858,te
1.000000,upper,5.701802e-03,7.131000e-03,-0.2004,1.099672e-03,1.034000e-03,+0.0635,1.479011e-03,+0.4304,te
0.000000,lower,1.592255e-07,4.100000e-05,-0.9961,1.120704e+00,5.138000e-03,+217.1206,6.882221e+00,+1338.4747,pinned
0.002928,lower,2.204895e-04,4.875213e-05,+3.5227,5.142645e-04,2.958666e-03,-0.8262,9.175170e-03,+2.1011,pinned
0.009657,lower,1.933379e-04,6.947182e-05,+1.7830,1.329456e-03,4.761826e-03,-0.7208,4.126952e-03,-0.1333,pinned
0.017890,lower,2.011837e-04,9.242508e-05,+1.1767,1.762446e-03,4.460098e-03,-0.6048,2.949254e-03,-0.3387,pinned
0.026778,lower,1.456256e-04,1.143209e-04,+0.2738,3.160296e-03,3.947232e-03,-0.1994,4.141314e-03,+0.0492,le
0.036008,lower,1.648996e-04,1.349227e-04,+0.2222,3.060968e-03,3.501545e-03,-0.1258,3.494098e-03,-0.0021,le
0.045443,lower,1.664098e-04,1.549553e-04,+0.0739,2.951269e-03,3.154852e-03,-0.0645,3.093416e-03,-0.0195,le
0.055012,lower,1.725826e-04,1.624292e-04,+0.0625,5.395712e-03,3.726322e-03,+0.4480,5.362936e-03,+0.4392,banded
0.064676,lower,1.940965e-04,1.588530e-04,+0.2219,5.637573e-03,5.692206e-03,-0.0096,5.383619e-03,-0.0542,banded
0.074407,lower,2.323595e-04,1.820782e-04,+0.2762,5.429220e-03,5.452289e-03,-0.0042,5.029201e-03,-0.0776,banded
0.084190,lower,2.553746e-04,2.077662e-04,+0.2291,5.713731e-03,5.417488e-03,+0.0547,5.168806e-03,-0.0459,banded
0.094014,lower,3.018515e-04,2.369766e-04,+0.2738,5.502945e-03,5.396157e-03,+0.0198,4.886458e-03,-0.0945,banded
0.103869,lower,3.204391e-04,2.666125e-04,+0.2019,5.576241e-03,5.289459e-03,+0.0542,4.874426e-03,-0.0785,banded
0.113749,lower,3.691773e-04,2.963994e-04,+0.2455,5.223137e-03,5.183533e-03,+0.0076,4.506769e-03,-0.1306,banded
0.123651,lower,4.120159e-04,3.253362e-04,+0.2664,5.055750e-03,5.091991e-03,-0.0071,4.319415e-03,-0.1517,banded
0.133570,lower,4.112502e-04,3.536168e-04,+0.1630,5.275043e-03,5.011631e-03,+0.0526,4.475652e-03,-0.1069,banded
0.143503,lower,4.425568e-04,3.823456e-04,+0.1575,5.212440e-03,4.940187e-03,+0.0551,4.402458e-03,-0.1088,banded
0.153447,lower,4.420427e-04,4.099224e-04,+0.0784,5.273413e-03,4.873425e-03,+0.0821,4.431655e-03,-0.0906,banded
0.163402,lower,5.138165e-04,4.380649e-04,+0.1729,5.041153e-03,4.811026e-03,+0.0478,4.213771e-03,-0.1241,banded
0.173365,lower,5.445609e-04,4.659087e-04,+0.1688,5.024848e-03,4.751319e-03,+0.0576,4.181527e-03,-0.1199,banded
0.183335,lower,5.714075e-04,4.935165e-04,+0.1578,4.974178e-03,4.693424e-03,+0.0598,4.127878e-03,-0.1205,banded
0.193310,lower,5.881839e-04,5.218289e-04,+0.1272,4.955424e-03,4.637255e-03,+0.0686,4.103745e-03,-0.1150,banded
0.203291,lower,6.419374e-04,5.501133e-04,+0.1669,4.858680e-03,4.583866e-03,+0.0600,4.016216e-03,-0.1238,banded
0.213275,lower,6.690140e-04,5.773399e-04,+0.1588,4.782421e-03,4.532015e-03,+0.0553,3.946973e-03,-0.1291,banded
0.223263,lower,7.081124e-04,6.053623e-04,+0.1697,4.705738e-03,4.480748e-03,+0.0502,3.880633e-03,-0.1339,banded
0.233253,lower,7.396469e-04,6.336760e-04,+0.1672,4.643065e-03,4.431344e-03,+0.0478,3.828083e-03,-0.1361,banded
0.243246,lower,7.695668e-04,6.620428e-04,+0.1624,4.583282e-03,4.383566e-03,+0.0456,3.779030e-03,-0.1379,banded
0.253240,lower,7.990938e-04,6.897085e-04,+0.1586,4.523447e-03,4.336610e-03,+0.0431,3.731678e-03,-0.1395,banded
0.263236,lower,8.283801e-04,7.180223e-04,+0.1537,4.464111e-03,4.291003e-03,+0.0403,3.685697e-03,-0.1411,banded
0.273232,lower,8.577536e-04,7.466071e-04,+0.1489,4.402685e-03,4.245927e-03,+0.0369,3.638642e-03,-0.1430,banded
0.283230,lower,8.872551e-04,7.750913e-04,+0.1447,4.341500e-03,4.202863e-03,+0.0330,3.592515e-03,-0.1452,banded
0.293227,lower,9.167161e-04,8.035029e-04,+0.1409,4.280698e-03,4.160246e-03,+0.0290,3.547266e-03,-0.1473,banded
0.303225,lower,9.461046e-04,8.319531e-04,+0.1372,4.221053e-03,4.117953e-03,+0.0250,3.503241e-03,-0.1493,banded
0.313223,lower,9.753284e-04,8.611177e-04,+0.1326,4.162517e-03,4.077717e-03,+0.0208,3.460487e-03,-0.1514,banded
0.323220,lower,1.004187e-03,8.896065e-04,+0.1288,4.106734e-03,4.037576e-03,+0.0171,3.420287e-03,-0.1529,banded
0.333217,lower,1.032947e-03,9.188290e-04,+0.1242,4.052723e-03,3.998259e-03,+0.0136,3.382132e-03,-0.1541,banded
0.343214,lower,1.061445e-03,9.479819e-04,+0.1197,4.000704e-03,3.960468e-03,+0.0102,3.346240e-03,-0.1551,banded
0.353210,lower,1.089340e-03,9.770807e-04,+0.1149,3.952675e-03,3.922747e-03,+0.0076,3.313840e-03,-0.1552,banded
0.363205,lower,1.116888e-03,1.006126e-03,+0.1101,3.907758e-03,3.885693e-03,+0.0057,3.284181e-03,-0.1548,banded
0.373199,lower,1.144131e-03,1.035122e-03,+0.1053,3.865683e-03,3.849851e-03,+0.0041,3.257032e-03,-0.1540,banded
0.383192,lower,1.171179e-03,1.064825e-03,+0.0999,3.825498e-03,3.814456e-03,+0.0029,3.231604e-03,-0.1528,banded
0.393184,lower,1.198224e-03,1.094795e-03,+0.0945,3.786719e-03,3.779948e-03,+0.0018,3.207577e-03,-0.1514,banded
0.403175,lower,1.225262e-03,1.123863e-03,+0.0902,3.749243e-03,3.746602e-03,+0.0007,3.184630e-03,-0.1500,banded
0.413165,lower,1.252358e-03,1.153637e-03,+0.0856,3.712398e-03,3.712557e-03,-0.0000,3.162374e-03,-0.1482,banded
0.423153,lower,1.279459e-03,1.184487e-03,+0.0802,3.676673e-03,3.680478e-03,-0.0010,3.141109e-03,-0.1465,banded
0.433140,lower,1.306605e-03,1.214295e-03,+0.0760,3.641728e-03,3.648541e-03,-0.0019,3.120434e-03,-0.1447,banded
0.443126,lower,1.333773e-03,1.244189e-03,+0.0720,3.607664e-03,3.616811e-03,-0.0025,3.100534e-03,-0.1427,banded
0.453111,lower,1.361048e-03,1.274806e-03,+0.0677,3.574251e-03,3.585987e-03,-0.0033,3.081206e-03,-0.1408,banded
0.463094,lower,1.388467e-03,1.304772e-03,+0.0641,3.541286e-03,3.555228e-03,-0.0039,3.062368e-03,-0.1386,banded
0.473076,lower,1.415802e-03,1.335502e-03,+0.0601,3.509730e-03,3.524826e-03,-0.0043,3.044647e-03,-0.1362,banded
0.483057,lower,1.443350e-03,1.366204e-03,+0.0565,3.477935e-03,3.495569e-03,-0.0050,3.026745e-03,-0.1341,banded
0.493036,lower,1.470897e-03,1.397304e-03,+0.0527,3.446544e-03,3.467027e-03,-0.0059,3.009211e-03,-0.1320,banded
0.503014,lower,1.498352e-03,1.428513e-03,+0.0489,3.415859e-03,3.438488e-03,-0.0066,2.992134e-03,-0.1298,banded
0.512990,lower,1.525933e-03,1.459700e-03,+0.0454,3.385818e-03,3.409970e-03,-0.0071,2.975594e-03,-0.1274,banded
0.522965,lower,1.553604e-03,1.490736e-03,+0.0422,3.356246e-03,3.382099e-03,-0.0076,2.959466e-03,-0.1250,banded
0.532939,lower,1.581398e-03,1.521955e-03,+0.0391,3.326921e-03,3.355371e-03,-0.0085,2.943612e-03,-0.1227,banded
0.542911,lower,1.609179e-03,1.553546e-03,+0.0358,3.298271e-03,3.328327e-03,-0.0090,2.928323e-03,-0.1202,banded
0.552882,lower,1.636872e-03,1.585903e-03,+0.0321,3.270352e-03,3.301723e-03,-0.0095,2.913520e-03,-0.1176,banded
0.562851,lower,1.664758e-03,1.617688e-03,+0.0291,3.242388e-03,3.275427e-03,-0.0101,2.898664e-03,-0.1150,banded
0.572819,lower,1.692761e-03,1.650106e-03,+0.0258,3.214613e-03,3.249140e-03,-0.0106,2.884043e-03,-0.1124,banded
0.582786,lower,1.720815e-03,1.682666e-03,+0.0227,3.187312e-03,3.223807e-03,-0.0113,2.869794e-03,-0.1098,banded
0.592751,lower,1.749045e-03,1.715218e-03,+0.0197,3.160001e-03,3.198605e-03,-0.0121,2.855553e-03,-0.1073,banded
0.602714,lower,1.777115e-03,1.747732e-03,+0.0168,3.133719e-03,3.172457e-03,-0.0122,2.842141e-03,-0.1041,banded
0.612677,lower,1.805320e-03,1.780313e-03,+0.0140,3.107372e-03,3.148265e-03,-0.0130,2.828641e-03,-0.1015,banded
0.622637,lower,1.833682e-03,1.813861e-03,+0.0109,3.081567e-03,3.123104e-03,-0.0133,2.815637e-03,-0.0984,banded
0.632597,lower,1.862199e-03,1.847379e-03,+0.0080,3.055594e-03,3.098134e-03,-0.0137,2.802467e-03,-0.0954,banded
0.642555,lower,1.890919e-03,1.880914e-03,+0.0053,3.029577e-03,3.073814e-03,-0.0144,2.789392e-03,-0.0925,banded
0.652511,lower,1.919648e-03,1.914680e-03,+0.0026,3.004304e-03,3.048950e-03,-0.0146,2.776896e-03,-0.0892,banded
0.662467,lower,1.948541e-03,1.949214e-03,-0.0003,2.978919e-03,3.024572e-03,-0.0151,2.764278e-03,-0.0861,banded
0.672420,lower,1.977792e-03,1.984085e-03,-0.0032,2.953164e-03,2.999825e-03,-0.0156,2.751488e-03,-0.0828,banded
0.682373,lower,2.007145e-03,2.019653e-03,-0.0062,2.928446e-03,2.975764e-03,-0.0159,2.739687e-03,-0.0793,banded
0.692324,lower,2.036732e-03,2.055192e-03,-0.0090,2.903188e-03,2.951276e-03,-0.0163,2.727417e-03,-0.0759,banded
0.702273,lower,2.066566e-03,2.091236e-03,-0.0118,2.877867e-03,2.926181e-03,-0.0165,2.715156e-03,-0.0721,banded
0.712221,lower,2.096842e-03,2.127828e-03,-0.0146,2.852025e-03,2.901627e-03,-0.0171,2.702484e-03,-0.0686,banded
0.722168,lower,2.127519e-03,2.164980e-03,-0.0173,2.825901e-03,2.876431e-03,-0.0176,2.689775e-03,-0.0649,banded
0.732113,lower,2.158437e-03,2.202588e-03,-0.0200,2.799855e-03,2.850942e-03,-0.0179,2.677196e-03,-0.0609,banded
0.742057,lower,2.189716e-03,2.240862e-03,-0.0228,2.773950e-03,2.825201e-03,-0.0181,2.664887e-03,-0.0567,banded
0.751999,lower,2.221526e-03,2.280220e-03,-0.0257,2.747529e-03,2.799092e-03,-0.0184,2.652262e-03,-0.0525,banded
0.761940,lower,2.254007e-03,2.320660e-03,-0.0287,2.720692e-03,2.772987e-03,-0.0189,2.639537e-03,-0.0481,banded
0.771879,lower,2.287057e-03,2.361377e-03,-0.0315,2.693245e-03,2.746082e-03,-0.0192,2.626403e-03,-0.0436,banded
0.781817,lower,2.320901e-03,2.403822e-03,-0.0345,2.664979e-03,2.718068e-03,-0.0195,2.612805e-03,-0.0387,banded
0.791753,lower,2.355612e-03,2.446622e-03,-0.0372,2.636175e-03,2.689883e-03,-0.0200,2.598948e-03,-0.0338,banded
0.801688,lower,2.391458e-03,2.491323e-03,-0.0401,2.606111e-03,2.660743e-03,-0.0205,2.584341e-03,-0.0287,banded
0.811621,lower,2.427935e-03,2.537219e-03,-0.0431,2.575858e-03,2.631497e-03,-0.0211,2.569919e-03,-0.0234,banded
0.821553,lower,2.465671e-03,2.585249e-03,-0.0463,2.545103e-03,2.600176e-03,-0.0212,2.555354e-03,-0.0172,banded
0.831483,lower,2.504970e-03,2.634469e-03,-0.0492,2.512416e-03,2.567735e-03,-0.0215,2.539450e-03,-0.0110,banded
0.841411,lower,2.545889e-03,2.686032e-03,-0.0522,2.478324e-03,2.534056e-03,-0.0220,2.522787e-03,-0.0044,banded
0.851337,lower,2.589161e-03,2.740738e-03,-0.0553,2.442731e-03,2.498336e-03,-0.0223,2.505389e-03,+0.0028,banded
0.861262,lower,2.634943e-03,2.797797e-03,-0.0582,2.404944e-03,2.461342e-03,-0.0229,2.486546e-03,+0.0102,banded
0.871185,lower,2.682879e-03,2.858492e-03,-0.0614,2.364824e-03,2.422095e-03,-0.0236,2.466201e-03,+0.0182,banded
0.881106,lower,2.734523e-03,2.923344e-03,-0.0646,2.321747e-03,2.380608e-03,-0.0247,2.443891e-03,+0.0266,banded
0.891026,lower,2.791634e-03,2.992686e-03,-0.0672,2.275893e-03,2.336130e-03,-0.0258,2.419910e-03,+0.0359,banded
0.900943,lower,2.853157e-03,3.068049e-03,-0.0700,2.225117e-03,2.287915e-03,-0.0274,2.392345e-03,+0.0456,banded
0.910858,lower,2.921605e-03,3.149584e-03,-0.0724,2.168906e-03,2.236336e-03,-0.0302,2.360861e-03,+0.0557,banded
0.920772,lower,3.001754e-03,3.240113e-03,-0.0736,2.114534e-03,2.180414e-03,-0.0302,2.332705e-03,+0.0698,banded
0.930683,lower,3.093945e-03,3.341413e-03,-0.0741,2.056277e-03,2.118625e-03,-0.0294,2.301830e-03,+0.0865,banded
0.940593,lower,3.209473e-03,3.455715e-03,-0.0713,1.954935e-03,2.050132e-03,-0.0464,2.228661e-03,+0.0871,banded
0.950500,lower,3.330755e-03,3.586787e-03,-0.0714,1.887286e-03,1.974197e-03,-0.0440,2.199673e-03,+0.1142,te
0.960405,lower,3.428568e-03,3.740173e-03,-0.0833,1.907789e-03,1.888022e-03,+0.0105,2.272441e-03,+0.2036,te
0.970307,lower,3.757875e-03,3.928317e-03,-0.0434,1.666515e-03,1.788886e-03,-0.0684,2.026672e-03,+0.1329,te
0.980207,lower,4.084806e-03,4.159093e-03,-0.0179,1.529326e-03,1.673966e-03,-0.0864,1.936402e-03,+0.1568,te
0.990105,lower,4.395091e-03,4.448860e-03,-0.0121,1.261562e-03,1.541405e-03,-0.1816,1.612909e-03,+0.0464,te
1.000000,lower,4.632553e-03,4.775000e-03,-0.0298,1.330840e-03,1.409000e-03,-0.0555,1.777550e-03,+0.2616,te
